trial,backend,workload,bytes,alignment,threads,statistics,heap,repetitions,operations,median_ns_per_operation
1,jemalloc,raw,64,16,1,disabled,no,7,8192,17.573
1,jemalloc,zeroed,64,16,1,disabled,no,7,8192,17.512
1,jemalloc,reallocate,64,16,1,disabled,no,7,8192,40.5426
1,jemalloc,reallocate_zeroed,64,16,1,disabled,no,7,8192,42.7042
1,jemalloc,batch,64,16,1,disabled,no,7,8192,15.62
1,jemalloc,mixed_lifetime,64,16,1,disabled,no,7,8192,12.9648
1,jemalloc,owned_block,64,16,1,disabled,no,7,8192,40.2883
1,jemalloc,typed_raw,64,1,1,disabled,no,7,8192,13.9669
1,jemalloc,create_destroy,64,1,1,disabled,no,7,8192,14.1652
1,jemalloc,object,64,1,1,disabled,no,7,8192,14.1398
1,jemalloc,shared_object,64,1,1,disabled,no,7,8192,18.0206
1,jemalloc,array,64,1,1,disabled,no,7,8192,15.5538
1,jemalloc,std_vector,256,8,1,disabled,no,7,8192,130.961
1,jemalloc,pmr_vector,256,8,1,disabled,no,7,8192,149.806
1,jemalloc,raw,64,16,1,disabled,yes,7,8192,105.097
1,jemalloc,zeroed,64,16,1,disabled,yes,7,8192,110.336
1,jemalloc,reallocate,64,16,1,disabled,yes,7,8192,232.63
1,jemalloc,reallocate_zeroed,64,16,1,disabled,yes,7,8192,238.551
1,jemalloc,batch,64,16,1,disabled,yes,7,8192,37.3739
1,jemalloc,mixed_lifetime,64,16,1,disabled,yes,7,8192,25.0549
1,jemalloc,owned_block,64,16,1,disabled,yes,7,8192,230.687
1,jemalloc,typed_raw,64,1,1,disabled,yes,7,8192,109.294
1,jemalloc,create_destroy,64,1,1,disabled,yes,7,8192,108.047
1,jemalloc,object,64,1,1,disabled,yes,7,8192,107.173
1,jemalloc,shared_object,64,1,1,disabled,yes,7,8192,121.699
1,jemalloc,array,64,1,1,disabled,yes,7,8192,133.25
1,jemalloc,std_vector,256,8,1,disabled,yes,7,8192,766.663
1,jemalloc,pmr_vector,256,8,1,disabled,yes,7,8192,794.403
1,jemalloc,raw,64,64,1,disabled,no,7,8192,16.0828
1,jemalloc,zeroed,64,64,1,disabled,no,7,8192,17.746
1,jemalloc,reallocate,64,64,1,disabled,no,7,8192,40.5731
1,jemalloc,reallocate_zeroed,64,64,1,disabled,no,7,8192,46.051
1,jemalloc,batch,64,64,1,disabled,no,7,8192,15.7318
1,jemalloc,mixed_lifetime,64,64,1,disabled,no,7,8192,13.0615
1,jemalloc,owned_block,64,64,1,disabled,no,7,8192,40.2935
1,jemalloc,raw,64,64,1,disabled,yes,7,8192,108.607
1,jemalloc,zeroed,64,64,1,disabled,yes,7,8192,111.323
1,jemalloc,reallocate,64,64,1,disabled,yes,7,8192,238.19
1,jemalloc,reallocate_zeroed,64,64,1,disabled,yes,7,8192,241.252
1,jemalloc,batch,64,64,1,disabled,yes,7,8192,39.1998
1,jemalloc,mixed_lifetime,64,64,1,disabled,yes,7,8192,25.9043
1,jemalloc,owned_block,64,64,1,disabled,yes,7,8192,236.389
1,jemalloc,raw,64,256,1,disabled,no,7,8192,16.5863
1,jemalloc,zeroed,64,256,1,disabled,no,7,8192,19.399
1,jemalloc,reallocate,64,256,1,disabled,no,7,8192,35.38
1,jemalloc,reallocate_zeroed,64,256,1,disabled,no,7,8192,37.623
1,jemalloc,batch,64,256,1,disabled,no,7,8192,16.4337
1,jemalloc,mixed_lifetime,64,256,1,disabled,no,7,8192,13.4989
1,jemalloc,owned_block,64,256,1,disabled,no,7,8192,35.7208
1,jemalloc,raw,64,256,1,disabled,yes,7,8192,106.247
1,jemalloc,zeroed,64,256,1,disabled,yes,7,8192,113.871
1,jemalloc,reallocate,64,256,1,disabled,yes,7,8192,129.837
1,jemalloc,reallocate_zeroed,64,256,1,disabled,yes,7,8192,160.609
1,jemalloc,batch,64,256,1,disabled,yes,7,8192,47.1548
1,jemalloc,mixed_lifetime,64,256,1,disabled,yes,7,8192,35.5225
1,jemalloc,owned_block,64,256,1,disabled,yes,7,8192,135.218
1,jemalloc,raw,256,16,1,disabled,no,7,8192,16.0778
1,jemalloc,zeroed,256,16,1,disabled,no,7,8192,18.6666
1,jemalloc,reallocate,256,16,1,disabled,no,7,8192,45.5322
1,jemalloc,reallocate_zeroed,256,16,1,disabled,no,7,8192,48.0194
1,jemalloc,batch,256,16,1,disabled,no,7,8192,15.9811
1,jemalloc,mixed_lifetime,256,16,1,disabled,no,7,8192,13.5243
1,jemalloc,owned_block,256,16,1,disabled,no,7,8192,46.2443
1,jemalloc,typed_raw,256,1,1,disabled,no,7,8192,14.3331
1,jemalloc,array,256,1,1,disabled,no,7,8192,16.3218
1,jemalloc,raw,256,16,1,disabled,yes,7,8192,101.68
1,jemalloc,zeroed,256,16,1,disabled,yes,7,8192,106.878
1,jemalloc,reallocate,256,16,1,disabled,yes,7,8192,224.96
1,jemalloc,reallocate_zeroed,256,16,1,disabled,yes,7,8192,229.741
1,jemalloc,batch,256,16,1,disabled,yes,7,8192,36.6312
1,jemalloc,mixed_lifetime,256,16,1,disabled,yes,7,8192,26.2045
1,jemalloc,owned_block,256,16,1,disabled,yes,7,8192,227.544
1,jemalloc,typed_raw,256,1,1,disabled,yes,7,8192,105.667
1,jemalloc,array,256,1,1,disabled,yes,7,8192,110.397
1,jemalloc,raw,256,64,1,disabled,no,7,8192,16.4032
1,jemalloc,zeroed,256,64,1,disabled,no,7,8192,19.1395
1,jemalloc,reallocate,256,64,1,disabled,no,7,8192,45.7102
1,jemalloc,reallocate_zeroed,256,64,1,disabled,no,7,8192,49.1892
1,jemalloc,batch,256,64,1,disabled,no,7,8192,16.6067
1,jemalloc,mixed_lifetime,256,64,1,disabled,no,7,8192,13.7482
1,jemalloc,owned_block,256,64,1,disabled,no,7,8192,47.3582
1,jemalloc,raw,256,64,1,disabled,yes,7,8192,105.886
1,jemalloc,zeroed,256,64,1,disabled,yes,7,8192,111.089
1,jemalloc,reallocate,256,64,1,disabled,yes,7,8192,235.372
1,jemalloc,reallocate_zeroed,256,64,1,disabled,yes,7,8192,236.567
1,jemalloc,batch,256,64,1,disabled,yes,7,8192,35.9293
1,jemalloc,mixed_lifetime,256,64,1,disabled,yes,7,8192,25.4211
1,jemalloc,owned_block,256,64,1,disabled,yes,7,8192,219.976
1,jemalloc,raw,256,256,1,disabled,no,7,8192,16.1539
1,jemalloc,zeroed,256,256,1,disabled,no,7,8192,18.6564
1,jemalloc,reallocate,256,256,1,disabled,no,7,8192,45.2219
1,jemalloc,reallocate_zeroed,256,256,1,disabled,no,7,8192,45.9493
1,jemalloc,batch,256,256,1,disabled,no,7,8192,15.3248
1,jemalloc,mixed_lifetime,256,256,1,disabled,no,7,8192,12.9547
1,jemalloc,owned_block,256,256,1,disabled,no,7,8192,43.8486
1,jemalloc,raw,256,256,1,disabled,yes,7,8192,99.172
1,jemalloc,zeroed,256,256,1,disabled,yes,7,8192,103.394
1,jemalloc,reallocate,256,256,1,disabled,yes,7,8192,219.691
1,jemalloc,reallocate_zeroed,256,256,1,disabled,yes,7,8192,228.897
1,jemalloc,batch,256,256,1,disabled,yes,7,8192,39.6423
1,jemalloc,mixed_lifetime,256,256,1,disabled,yes,7,8192,28.0304
1,jemalloc,owned_block,256,256,1,disabled,yes,7,8192,248.22
1,jemalloc,raw,4096,16,1,disabled,no,7,8192,23.0103
1,jemalloc,zeroed,4096,16,1,disabled,no,7,8192,65.684
1,jemalloc,reallocate,4096,16,1,disabled,no,7,8192,116.267
1,jemalloc,reallocate_zeroed,4096,16,1,disabled,no,7,8192,157.394
1,jemalloc,batch,4096,16,1,disabled,no,7,8192,48.6044
1,jemalloc,mixed_lifetime,4096,16,1,disabled,no,7,8192,22.5626
1,jemalloc,owned_block,4096,16,1,disabled,no,7,8192,116.648
1,jemalloc,typed_raw,4096,1,1,disabled,no,7,8192,17.9443
1,jemalloc,array,4096,1,1,disabled,no,7,8192,57.5765
1,jemalloc,raw,4096,16,1,disabled,yes,7,8192,102.758
1,jemalloc,zeroed,4096,16,1,disabled,yes,7,8192,144.775
1,jemalloc,reallocate,4096,16,1,disabled,yes,7,8192,306.6
1,jemalloc,reallocate_zeroed,4096,16,1,disabled,yes,7,8192,397.425
1,jemalloc,batch,4096,16,1,disabled,yes,7,8192,69.2087
1,jemalloc,mixed_lifetime,4096,16,1,disabled,yes,7,8192,64.2496
1,jemalloc,owned_block,4096,16,1,disabled,yes,7,8192,339.539
1,jemalloc,typed_raw,4096,1,1,disabled,yes,7,8192,110.123
1,jemalloc,array,4096,1,1,disabled,yes,7,8192,174.993
1,jemalloc,raw,4096,64,1,disabled,no,7,8192,21.9777
1,jemalloc,zeroed,4096,64,1,disabled,no,7,8192,71.7773
1,jemalloc,reallocate,4096,64,1,disabled,no,7,8192,121.791
1,jemalloc,reallocate_zeroed,4096,64,1,disabled,no,7,8192,164.5
1,jemalloc,batch,4096,64,1,disabled,no,7,8192,50.5676
1,jemalloc,mixed_lifetime,4096,64,1,disabled,no,7,8192,23.3307
1,jemalloc,owned_block,4096,64,1,disabled,no,7,8192,121.597
1,jemalloc,raw,4096,64,1,disabled,yes,7,8192,107.92
1,jemalloc,zeroed,4096,64,1,disabled,yes,7,8192,152.852
1,jemalloc,reallocate,4096,64,1,disabled,yes,7,8192,320.236
1,jemalloc,reallocate_zeroed,4096,64,1,disabled,yes,7,8192,373.606
1,jemalloc,batch,4096,64,1,disabled,yes,7,8192,68.5272
1,jemalloc,mixed_lifetime,4096,64,1,disabled,yes,7,8192,64.214
1,jemalloc,owned_block,4096,64,1,disabled,yes,7,8192,326.37
1,jemalloc,raw,4096,256,1,disabled,no,7,8192,22.3999
1,jemalloc,zeroed,4096,256,1,disabled,no,7,8192,76.2278
1,jemalloc,reallocate,4096,256,1,disabled,no,7,8192,125.554
1,jemalloc,reallocate_zeroed,4096,256,1,disabled,no,7,8192,168.716
1,jemalloc,batch,4096,256,1,disabled,no,7,8192,51.1627
1,jemalloc,mixed_lifetime,4096,256,1,disabled,no,7,8192,22.6084
1,jemalloc,owned_block,4096,256,1,disabled,no,7,8192,123.947
1,jemalloc,raw,4096,256,1,disabled,yes,7,8192,111.298
1,jemalloc,zeroed,4096,256,1,disabled,yes,7,8192,179.438
1,jemalloc,reallocate,4096,256,1,disabled,yes,7,8192,336.746
1,jemalloc,reallocate_zeroed,4096,256,1,disabled,yes,7,8192,375.753
1,jemalloc,batch,4096,256,1,disabled,yes,7,8192,67.6727
1,jemalloc,mixed_lifetime,4096,256,1,disabled,yes,7,8192,63.3188
1,jemalloc,owned_block,4096,256,1,disabled,yes,7,8192,347.031
1,jemalloc,raw,65536,16,1,disabled,no,7,8192,285.192
1,jemalloc,zeroed,65536,16,1,disabled,no,7,8192,943.415
1,jemalloc,reallocate,65536,16,1,disabled,no,7,8192,417.704
1,jemalloc,reallocate_zeroed,65536,16,1,disabled,no,7,8192,1099.7
1,jemalloc,batch,65536,16,1,disabled,no,7,8192,260.717
1,jemalloc,mixed_lifetime,65536,16,1,disabled,no,7,8192,174.83
1,jemalloc,owned_block,65536,16,1,disabled,no,7,8192,417.577
1,jemalloc,typed_raw,65536,1,1,disabled,no,7,8192,245.921
1,jemalloc,array,65536,1,1,disabled,no,7,8192,921.794
1,jemalloc,raw,65536,16,1,disabled,yes,7,8192,178.452
1,jemalloc,zeroed,65536,16,1,disabled,yes,7,8192,1054.07
1,jemalloc,reallocate,65536,16,1,disabled,yes,7,8192,374.552
1,jemalloc,reallocate_zeroed,65536,16,1,disabled,yes,7,8192,1047.02
1,jemalloc,batch,65536,16,1,disabled,yes,7,8192,269.363
1,jemalloc,mixed_lifetime,65536,16,1,disabled,yes,7,8192,264.348
1,jemalloc,owned_block,65536,16,1,disabled,yes,7,8192,366.475
1,jemalloc,typed_raw,65536,1,1,disabled,yes,7,8192,187.632
1,jemalloc,array,65536,1,1,disabled,yes,7,8192,780.568
1,jemalloc,raw,65536,64,1,disabled,no,7,8192,242.182
1,jemalloc,zeroed,65536,64,1,disabled,no,7,8192,861.908
1,jemalloc,reallocate,65536,64,1,disabled,no,7,8192,455.256
1,jemalloc,reallocate_zeroed,65536,64,1,disabled,no,7,8192,1150.1
1,jemalloc,batch,65536,64,1,disabled,no,7,8192,295.832
1,jemalloc,mixed_lifetime,65536,64,1,disabled,no,7,8192,184.479
1,jemalloc,owned_block,65536,64,1,disabled,no,7,8192,455.363
1,jemalloc,raw,65536,64,1,disabled,yes,7,8192,190.094
1,jemalloc,zeroed,65536,64,1,disabled,yes,7,8192,1170.12
1,jemalloc,reallocate,65536,64,1,disabled,yes,7,8192,455.602
1,jemalloc,reallocate_zeroed,65536,64,1,disabled,yes,7,8192,1232.47
1,jemalloc,batch,65536,64,1,disabled,yes,7,8192,301.895
1,jemalloc,mixed_lifetime,65536,64,1,disabled,yes,7,8192,276.876
1,jemalloc,owned_block,65536,64,1,disabled,yes,7,8192,367.05
1,jemalloc,raw,65536,256,1,disabled,no,7,8192,258.224
1,jemalloc,zeroed,65536,256,1,disabled,no,7,8192,1076.91
1,jemalloc,reallocate,65536,256,1,disabled,no,7,8192,447.398
1,jemalloc,reallocate_zeroed,65536,256,1,disabled,no,7,8192,1162.97
1,jemalloc,batch,65536,256,1,disabled,no,7,8192,296.458
1,jemalloc,mixed_lifetime,65536,256,1,disabled,no,7,8192,179.474
1,jemalloc,owned_block,65536,256,1,disabled,no,7,8192,434.357
1,jemalloc,raw,65536,256,1,disabled,yes,7,8192,179.906
1,jemalloc,zeroed,65536,256,1,disabled,yes,7,8192,965.454
1,jemalloc,reallocate,65536,256,1,disabled,yes,7,8192,365.194
1,jemalloc,reallocate_zeroed,65536,256,1,disabled,yes,7,8192,1255.04
1,jemalloc,batch,65536,256,1,disabled,yes,7,8192,290.853
1,jemalloc,mixed_lifetime,65536,256,1,disabled,yes,7,8192,289.454
1,jemalloc,owned_block,65536,256,1,disabled,yes,7,8192,358.8
1,jemalloc,cross_thread,64,16,2,disabled,no,7,8192,26.9216
1,jemalloc,cross_thread,64,16,2,disabled,yes,7,8192,91.329
1,jemalloc,cross_thread,64,16,4,disabled,no,7,8192,33.4677
1,jemalloc,cross_thread,64,16,4,disabled,yes,7,8192,121.078
1,jemalloc,cross_thread,64,16,8,disabled,no,7,8192,32.9182
1,jemalloc,cross_thread,64,16,8,disabled,yes,7,8192,122.431
1,jemalloc,detailed_statistics,0,0,1,disabled,no,7,512,16761.9
1,jemalloc,detailed_statistics,0,0,1,disabled,yes,7,512,21831
1,fixed_buffer,stack_mark_rewind,64,16,1,disabled,no,7,8192,3.93677
1,fixed_buffer,stack_mark_rewind,64,64,1,disabled,no,7,8192,3.97229
1,fixed_buffer,stack_mark_rewind,64,256,1,disabled,no,7,8192,3.96729
1,fixed_buffer,stack_mark_rewind,256,16,1,disabled,no,7,8192,3.88086
1,fixed_buffer,stack_mark_rewind,256,64,1,disabled,no,7,8192,3.90125
1,fixed_buffer,stack_mark_rewind,256,256,1,disabled,no,7,8192,3.91638
1,fixed_buffer,stack_mark_rewind,4096,16,1,disabled,no,7,8192,3.95703
1,fixed_buffer,stack_mark_rewind,4096,64,1,disabled,no,7,8192,3.92664
1,fixed_buffer,stack_mark_rewind,4096,256,1,disabled,no,7,8192,3.90625
1,fixed_buffer,stack_mark_rewind,65536,16,1,disabled,no,7,8192,4.04871
1,fixed_buffer,stack_mark_rewind,65536,64,1,disabled,no,7,8192,4.15552
1,fixed_buffer,stack_mark_rewind,65536,256,1,disabled,no,7,8192,4.23181
2,jemalloc,raw,64,16,1,disabled,no,7,8192,17.5579
2,jemalloc,zeroed,64,16,1,disabled,no,7,8192,48.0499
2,jemalloc,reallocate,64,16,1,disabled,no,7,8192,44.6218
2,jemalloc,reallocate_zeroed,64,16,1,disabled,no,7,8192,46.4478
2,jemalloc,batch,64,16,1,disabled,no,7,8192,47.526
2,jemalloc,mixed_lifetime,64,16,1,disabled,no,7,8192,26.6418
2,jemalloc,owned_block,64,16,1,disabled,no,7,8192,43.9148
2,jemalloc,typed_raw,64,1,1,disabled,no,7,8192,17.4662
2,jemalloc,create_destroy,64,1,1,disabled,no,7,8192,40.0848
2,jemalloc,object,64,1,1,disabled,no,7,8192,15.0198
2,jemalloc,shared_object,64,1,1,disabled,no,7,8192,20.3602
2,jemalloc,array,64,1,1,disabled,no,7,8192,16.6168
2,jemalloc,std_vector,256,8,1,disabled,no,7,8192,142.014
2,jemalloc,pmr_vector,256,8,1,disabled,no,7,8192,159.129
2,jemalloc,raw,64,16,1,disabled,yes,7,8192,109.1
2,jemalloc,zeroed,64,16,1,disabled,yes,7,8192,113.729
2,jemalloc,reallocate,64,16,1,disabled,yes,7,8192,236.018
2,jemalloc,reallocate_zeroed,64,16,1,disabled,yes,7,8192,237.106
2,jemalloc,batch,64,16,1,disabled,yes,7,8192,35.8379
2,jemalloc,mixed_lifetime,64,16,1,disabled,yes,7,8192,24.2157
2,jemalloc,owned_block,64,16,1,disabled,yes,7,8192,219.966
2,jemalloc,typed_raw,64,1,1,disabled,yes,7,8192,99.6958
2,jemalloc,create_destroy,64,1,1,disabled,yes,7,8192,101.985
2,jemalloc,object,64,1,1,disabled,yes,7,8192,100.321
2,jemalloc,shared_object,64,1,1,disabled,yes,7,8192,111.877
2,jemalloc,array,64,1,1,disabled,yes,7,8192,103.46
2,jemalloc,std_vector,256,8,1,disabled,yes,7,8192,767.014
2,jemalloc,pmr_vector,256,8,1,disabled,yes,7,8192,734.085
2,jemalloc,raw,64,64,1,disabled,no,7,8192,15.1215
2,jemalloc,zeroed,64,64,1,disabled,no,7,8192,16.4185
2,jemalloc,reallocate,64,64,1,disabled,no,7,8192,38.2894
2,jemalloc,reallocate_zeroed,64,64,1,disabled,no,7,8192,41.6565
2,jemalloc,batch,64,64,1,disabled,no,7,8192,15.0654
2,jemalloc,mixed_lifetime,64,64,1,disabled,no,7,8192,12.3392
2,jemalloc,owned_block,64,64,1,disabled,no,7,8192,38.3301
2,jemalloc,raw,64,64,1,disabled,yes,7,8192,105.194
2,jemalloc,zeroed,64,64,1,disabled,yes,7,8192,110.153
2,jemalloc,reallocate,64,64,1,disabled,yes,7,8192,231.486
2,jemalloc,reallocate_zeroed,64,64,1,disabled,yes,7,8192,234.741
2,jemalloc,batch,64,64,1,disabled,yes,7,8192,37.3484
2,jemalloc,mixed_lifetime,64,64,1,disabled,yes,7,8192,25.2635
2,jemalloc,owned_block,64,64,1,disabled,yes,7,8192,230.24
2,jemalloc,raw,64,256,1,disabled,no,7,8192,16.0015
2,jemalloc,zeroed,64,256,1,disabled,no,7,8192,18.6666
2,jemalloc,reallocate,64,256,1,disabled,no,7,8192,34.8104
2,jemalloc,reallocate_zeroed,64,256,1,disabled,no,7,8192,36.7992
2,jemalloc,batch,64,256,1,disabled,no,7,8192,15.8743
2,jemalloc,mixed_lifetime,64,256,1,disabled,no,7,8192,13.2141
2,jemalloc,owned_block,64,256,1,disabled,no,7,8192,35.726
2,jemalloc,raw,64,256,1,disabled,yes,7,8192,103.012
2,jemalloc,zeroed,64,256,1,disabled,yes,7,8192,107.788
2,jemalloc,reallocate,64,256,1,disabled,yes,7,8192,126.811
2,jemalloc,reallocate_zeroed,64,256,1,disabled,yes,7,8192,129.807
2,jemalloc,batch,64,256,1,disabled,yes,7,8192,37.2416
2,jemalloc,mixed_lifetime,64,256,1,disabled,yes,7,8192,28.656
2,jemalloc,owned_block,64,256,1,disabled,yes,7,8192,130.325
2,jemalloc,raw,256,16,1,disabled,no,7,8192,16.2761
2,jemalloc,zeroed,256,16,1,disabled,no,7,8192,19.7449
2,jemalloc,reallocate,256,16,1,disabled,no,7,8192,47.7346
2,jemalloc,reallocate_zeroed,256,16,1,disabled,no,7,8192,48.9401
2,jemalloc,batch,256,16,1,disabled,no,7,8192,16.6168
2,jemalloc,mixed_lifetime,256,16,1,disabled,no,7,8192,14.1703
2,jemalloc,owned_block,256,16,1,disabled,no,7,8192,47.0327
2,jemalloc,typed_raw,256,1,1,disabled,no,7,8192,14.4399
2,jemalloc,array,256,1,1,disabled,no,7,8192,16.6016
2,jemalloc,raw,256,16,1,disabled,yes,7,8192,107.503
2,jemalloc,zeroed,256,16,1,disabled,yes,7,8192,111.338
2,jemalloc,reallocate,256,16,1,disabled,yes,7,8192,236.735
2,jemalloc,reallocate_zeroed,256,16,1,disabled,yes,7,8192,240.331
2,jemalloc,batch,256,16,1,disabled,yes,7,8192,36.6873
2,jemalloc,mixed_lifetime,256,16,1,disabled,yes,7,8192,26.4995
2,jemalloc,owned_block,256,16,1,disabled,yes,7,8192,230.265
2,jemalloc,typed_raw,256,1,1,disabled,yes,7,8192,101.903
2,jemalloc,array,256,1,1,disabled,yes,7,8192,106.598
2,jemalloc,raw,256,64,1,disabled,no,7,8192,16.1692
2,jemalloc,zeroed,256,64,1,disabled,no,7,8192,18.7633
2,jemalloc,reallocate,256,64,1,disabled,no,7,8192,45.5883
2,jemalloc,reallocate_zeroed,256,64,1,disabled,no,7,8192,55.9692
2,jemalloc,batch,256,64,1,disabled,no,7,8192,18.046
2,jemalloc,mixed_lifetime,256,64,1,disabled,no,7,8192,15.1165
2,jemalloc,owned_block,256,64,1,disabled,no,7,8192,49.4486
2,jemalloc,raw,256,64,1,disabled,yes,7,8192,111.053
2,jemalloc,zeroed,256,64,1,disabled,yes,7,8192,125.036
2,jemalloc,reallocate,256,64,1,disabled,yes,7,8192,317.149
2,jemalloc,reallocate_zeroed,256,64,1,disabled,yes,7,8192,281.647
2,jemalloc,batch,256,64,1,disabled,yes,7,8192,45.2219
2,jemalloc,mixed_lifetime,256,64,1,disabled,yes,7,8192,28.0304
2,jemalloc,owned_block,256,64,1,disabled,yes,7,8192,279.572
2,jemalloc,raw,256,256,1,disabled,no,7,8192,17.4459
2,jemalloc,zeroed,256,256,1,disabled,no,7,8192,20.7367
2,jemalloc,reallocate,256,256,1,disabled,no,7,8192,49.0417
2,jemalloc,reallocate_zeroed,256,256,1,disabled,no,7,8192,52.3376
2,jemalloc,batch,256,256,1,disabled,no,7,8192,29.2053
2,jemalloc,mixed_lifetime,256,256,1,disabled,no,7,8192,14.3993
2,jemalloc,owned_block,256,256,1,disabled,no,7,8192,49.5199
2,jemalloc,raw,256,256,1,disabled,yes,7,8192,107.396
2,jemalloc,zeroed,256,256,1,disabled,yes,7,8192,107.463
2,jemalloc,reallocate,256,256,1,disabled,yes,7,8192,230.448
2,jemalloc,reallocate_zeroed,256,256,1,disabled,yes,7,8192,233.653
2,jemalloc,batch,256,256,1,disabled,yes,7,8192,36.9771
2,jemalloc,mixed_lifetime,256,256,1,disabled,yes,7,8192,26.6012
2,jemalloc,owned_block,256,256,1,disabled,yes,7,8192,235.311
2,jemalloc,raw,4096,16,1,disabled,no,7,8192,21.9523
2,jemalloc,zeroed,4096,16,1,disabled,no,7,8192,68.8527
2,jemalloc,reallocate,4096,16,1,disabled,no,7,8192,125.27
2,jemalloc,reallocate_zeroed,4096,16,1,disabled,no,7,8192,166.875
2,jemalloc,batch,4096,16,1,disabled,no,7,8192,51.4934
2,jemalloc,mixed_lifetime,4096,16,1,disabled,no,7,8192,23.5901
2,jemalloc,owned_block,4096,16,1,disabled,no,7,8192,132.996
2,jemalloc,typed_raw,4096,1,1,disabled,no,7,8192,19.043
2,jemalloc,array,4096,1,1,disabled,no,7,8192,64.6464
2,jemalloc,raw,4096,16,1,disabled,yes,7,8192,112.742
2,jemalloc,zeroed,4096,16,1,disabled,yes,7,8192,178.324
2,jemalloc,reallocate,4096,16,1,disabled,yes,7,8192,323.222
2,jemalloc,reallocate_zeroed,4096,16,1,disabled,yes,7,8192,461.675
2,jemalloc,batch,4096,16,1,disabled,yes,7,8192,79.4271
2,jemalloc,mixed_lifetime,4096,16,1,disabled,yes,7,8192,73.9492
2,jemalloc,owned_block,4096,16,1,disabled,yes,7,8192,468.765
2,jemalloc,typed_raw,4096,1,1,disabled,yes,7,8192,112.142
2,jemalloc,array,4096,1,1,disabled,yes,7,8192,172.297
2,jemalloc,raw,4096,64,1,disabled,no,7,8192,21.6268
2,jemalloc,zeroed,4096,64,1,disabled,no,7,8192,74.4934
2,jemalloc,reallocate,4096,64,1,disabled,no,7,8192,132.858
2,jemalloc,reallocate_zeroed,4096,64,1,disabled,no,7,8192,162.038
2,jemalloc,batch,4096,64,1,disabled,no,7,8192,50.9592
2,jemalloc,mixed_lifetime,4096,64,1,disabled,no,7,8192,23.0917
2,jemalloc,owned_block,4096,64,1,disabled,no,7,8192,128.906
2,jemalloc,raw,4096,64,1,disabled,yes,7,8192,108.429
2,jemalloc,zeroed,4096,64,1,disabled,yes,7,8192,160.66
2,jemalloc,reallocate,4096,64,1,disabled,yes,7,8192,313.807
2,jemalloc,reallocate_zeroed,4096,64,1,disabled,yes,7,8192,371.547
2,jemalloc,batch,4096,64,1,disabled,yes,7,8192,67.0267
2,jemalloc,mixed_lifetime,4096,64,1,disabled,yes,7,8192,63.1968
2,jemalloc,owned_block,4096,64,1,disabled,yes,7,8192,329.305
2,jemalloc,raw,4096,256,1,disabled,no,7,8192,21.5098
2,jemalloc,zeroed,4096,256,1,disabled,no,7,8192,69.3767
2,jemalloc,reallocate,4096,256,1,disabled,no,7,8192,124.741
2,jemalloc,reallocate_zeroed,4096,256,1,disabled,no,7,8192,173.035
2,jemalloc,batch,4096,256,1,disabled,no,7,8192,51.4475
2,jemalloc,mixed_lifetime,4096,256,1,disabled,no,7,8192,23.0205
2,jemalloc,owned_block,4096,256,1,disabled,no,7,8192,124.547
2,jemalloc,raw,4096,256,1,disabled,yes,7,8192,111.338
2,jemalloc,zeroed,4096,256,1,disabled,yes,7,8192,174.723
2,jemalloc,reallocate,4096,256,1,disabled,yes,7,8192,325.439
2,jemalloc,reallocate_zeroed,4096,256,1,disabled,yes,7,8192,372.553
2,jemalloc,batch,4096,256,1,disabled,yes,7,8192,68.3492
2,jemalloc,mixed_lifetime,4096,256,1,disabled,yes,7,8192,63.2935
2,jemalloc,owned_block,4096,256,1,disabled,yes,7,8192,334.259
2,jemalloc,raw,65536,16,1,disabled,no,7,8192,241.287
2,jemalloc,zeroed,65536,16,1,disabled,no,7,8192,1117.03
2,jemalloc,reallocate,65536,16,1,disabled,no,7,8192,401.22
2,jemalloc,reallocate_zeroed,65536,16,1,disabled,no,7,8192,1117.35
2,jemalloc,batch,65536,16,1,disabled,no,7,8192,246.353
2,jemalloc,mixed_lifetime,65536,16,1,disabled,no,7,8192,171.977
2,jemalloc,owned_block,65536,16,1,disabled,no,7,8192,396.169
2,jemalloc,typed_raw,65536,1,1,disabled,no,7,8192,233.978
2,jemalloc,array,65536,1,1,disabled,no,7,8192,894.933
2,jemalloc,raw,65536,16,1,disabled,yes,7,8192,183.523
2,jemalloc,zeroed,65536,16,1,disabled,yes,7,8192,887.049
2,jemalloc,reallocate,65536,16,1,disabled,yes,7,8192,366.801
2,jemalloc,reallocate_zeroed,65536,16,1,disabled,yes,7,8192,1525.53
2,jemalloc,batch,65536,16,1,disabled,yes,7,8192,286.418
2,jemalloc,mixed_lifetime,65536,16,1,disabled,yes,7,8192,265.656
2,jemalloc,owned_block,65536,16,1,disabled,yes,7,8192,358.81
2,jemalloc,typed_raw,65536,1,1,disabled,yes,7,8192,186.854
2,jemalloc,array,65536,1,1,disabled,yes,7,8192,917.979
2,jemalloc,raw,65536,64,1,disabled,no,7,8192,248.876
2,jemalloc,zeroed,65536,64,1,disabled,no,7,8192,962.667
2,jemalloc,reallocate,65536,64,1,disabled,no,7,8192,425.145
2,jemalloc,reallocate_zeroed,65536,64,1,disabled,no,7,8192,1146.99
2,jemalloc,batch,65536,64,1,disabled,no,7,8192,268.987
2,jemalloc,mixed_lifetime,65536,64,1,disabled,no,7,8192,173.955
2,jemalloc,owned_block,65536,64,1,disabled,no,7,8192,422.17
2,jemalloc,raw,65536,64,1,disabled,yes,7,8192,177.531
2,jemalloc,zeroed,65536,64,1,disabled,yes,7,8192,999.262
2,jemalloc,reallocate,65536,64,1,disabled,yes,7,8192,389.552
2,jemalloc,reallocate_zeroed,65536,64,1,disabled,yes,7,8192,1084
2,jemalloc,batch,65536,64,1,disabled,yes,7,8192,308.685
2,jemalloc,mixed_lifetime,65536,64,1,disabled,yes,7,8192,293.655
2,jemalloc,owned_block,65536,64,1,disabled,yes,7,8192,375.361
2,jemalloc,raw,65536,256,1,disabled,no,7,8192,265.239
2,jemalloc,zeroed,65536,256,1,disabled,no,7,8192,1010.65
2,jemalloc,reallocate,65536,256,1,disabled,no,7,8192,447.769
2,jemalloc,reallocate_zeroed,65536,256,1,disabled,no,7,8192,1297.81
2,jemalloc,batch,65536,256,1,disabled,no,7,8192,368.306
2,jemalloc,mixed_lifetime,65536,256,1,disabled,no,7,8192,245.616
2,jemalloc,owned_block,65536,256,1,disabled,no,7,8192,453.135
2,jemalloc,raw,65536,256,1,disabled,yes,7,8192,261.892
2,jemalloc,zeroed,65536,256,1,disabled,yes,7,8192,962.057
2,jemalloc,reallocate,65536,256,1,disabled,yes,7,8192,363.459
2,jemalloc,reallocate_zeroed,65536,256,1,disabled,yes,7,8192,1049.31
2,jemalloc,batch,65536,256,1,disabled,yes,7,8192,302.221
2,jemalloc,mixed_lifetime,65536,256,1,disabled,yes,7,8192,279.785
2,jemalloc,owned_block,65536,256,1,disabled,yes,7,8192,390.208
2,jemalloc,cross_thread,64,16,2,disabled,no,7,8192,25.8739
2,jemalloc,cross_thread,64,16,2,disabled,yes,7,8192,87.9314
2,jemalloc,cross_thread,64,16,4,disabled,no,7,8192,31.3618
2,jemalloc,cross_thread,64,16,4,disabled,yes,7,8192,116.669
2,jemalloc,cross_thread,64,16,8,disabled,no,7,8192,32.5367
2,jemalloc,cross_thread,64,16,8,disabled,yes,7,8192,121.145
2,jemalloc,detailed_statistics,0,0,1,disabled,no,7,512,16652.3
2,jemalloc,detailed_statistics,0,0,1,disabled,yes,7,512,21612.7
2,fixed_buffer,stack_mark_rewind,64,16,1,disabled,no,7,8192,4.00793
2,fixed_buffer,stack_mark_rewind,64,64,1,disabled,no,7,8192,4.00793
2,fixed_buffer,stack_mark_rewind,64,256,1,disabled,no,7,8192,4.0741
2,fixed_buffer,stack_mark_rewind,256,16,1,disabled,no,7,8192,4.07922
2,fixed_buffer,stack_mark_rewind,256,64,1,disabled,no,7,8192,4.0741
2,fixed_buffer,stack_mark_rewind,256,256,1,disabled,no,7,8192,3.97241
2,fixed_buffer,stack_mark_rewind,4096,16,1,disabled,no,7,8192,4.01819
2,fixed_buffer,stack_mark_rewind,4096,64,1,disabled,no,7,8192,4.00293
2,fixed_buffer,stack_mark_rewind,4096,256,1,disabled,no,7,8192,4.06909
2,fixed_buffer,stack_mark_rewind,65536,16,1,disabled,no,7,8192,4.05371
2,fixed_buffer,stack_mark_rewind,65536,64,1,disabled,no,7,8192,4.13513
2,fixed_buffer,stack_mark_rewind,65536,256,1,disabled,no,7,8192,3.94189
3,jemalloc,raw,64,16,1,disabled,no,7,8192,16.5303
3,jemalloc,zeroed,64,16,1,disabled,no,7,8192,18.575
3,jemalloc,reallocate,64,16,1,disabled,no,7,8192,42.8009
3,jemalloc,reallocate_zeroed,64,16,1,disabled,no,7,8192,44.6675
3,jemalloc,batch,64,16,1,disabled,no,7,8192,16.6271
3,jemalloc,mixed_lifetime,64,16,1,disabled,no,7,8192,13.499
3,jemalloc,owned_block,64,16,1,disabled,no,7,8192,42.5619
3,jemalloc,typed_raw,64,1,1,disabled,no,7,8192,14.9231
3,jemalloc,create_destroy,64,1,1,disabled,no,7,8192,15.2231
3,jemalloc,object,64,1,1,disabled,no,7,8192,14.6128
3,jemalloc,shared_object,64,1,1,disabled,no,7,8192,18.9312
3,jemalloc,array,64,1,1,disabled,no,7,8192,15.9657
3,jemalloc,std_vector,256,8,1,disabled,no,7,8192,136.973
3,jemalloc,pmr_vector,256,8,1,disabled,no,7,8192,159.526
3,jemalloc,raw,64,16,1,disabled,yes,7,8192,106.145
3,jemalloc,zeroed,64,16,1,disabled,yes,7,8192,111.043
3,jemalloc,reallocate,64,16,1,disabled,yes,7,8192,232.747
3,jemalloc,reallocate_zeroed,64,16,1,disabled,yes,7,8192,239.09
3,jemalloc,batch,64,16,1,disabled,yes,7,8192,37.0687
3,jemalloc,mixed_lifetime,64,16,1,disabled,yes,7,8192,25.2736
3,jemalloc,owned_block,64,16,1,disabled,yes,7,8192,232.697
3,jemalloc,typed_raw,64,1,1,disabled,yes,7,8192,142.644
3,jemalloc,create_destroy,64,1,1,disabled,yes,7,8192,151.138
3,jemalloc,object,64,1,1,disabled,yes,7,8192,124.023
3,jemalloc,shared_object,64,1,1,disabled,yes,7,8192,146.347
3,jemalloc,array,64,1,1,disabled,yes,7,8192,149.78
3,jemalloc,std_vector,256,8,1,disabled,yes,7,8192,768.753
3,jemalloc,pmr_vector,256,8,1,disabled,yes,7,8192,761.307
3,jemalloc,raw,64,64,1,disabled,no,7,8192,16.4642
3,jemalloc,zeroed,64,64,1,disabled,no,7,8192,17.8427
3,jemalloc,reallocate,64,64,1,disabled,no,7,8192,43.0756
3,jemalloc,reallocate_zeroed,64,64,1,disabled,no,7,8192,45.6085
3,jemalloc,batch,64,64,1,disabled,no,7,8192,16.6372
3,jemalloc,mixed_lifetime,64,64,1,disabled,no,7,8192,13.2141
3,jemalloc,owned_block,64,64,1,disabled,no,7,8192,42.6891
3,jemalloc,raw,64,64,1,disabled,yes,7,8192,111.842
3,jemalloc,zeroed,64,64,1,disabled,yes,7,8192,117.121
3,jemalloc,reallocate,64,64,1,disabled,yes,7,8192,274.78
3,jemalloc,reallocate_zeroed,64,64,1,disabled,yes,7,8192,235.123
3,jemalloc,batch,64,64,1,disabled,yes,7,8192,37.7655
3,jemalloc,mixed_lifetime,64,64,1,disabled,yes,7,8192,25.3702
3,jemalloc,owned_block,64,64,1,disabled,yes,7,8192,231.623
3,jemalloc,raw,64,256,1,disabled,no,7,8192,17.5579
3,jemalloc,zeroed,64,256,1,disabled,no,7,8192,20.2433
3,jemalloc,reallocate,64,256,1,disabled,no,7,8192,36.7483
3,jemalloc,reallocate_zeroed,64,256,1,disabled,no,7,8192,36.5092
3,jemalloc,batch,64,256,1,disabled,no,7,8192,15.859
3,jemalloc,mixed_lifetime,64,256,1,disabled,no,7,8192,13.1735
3,jemalloc,owned_block,64,256,1,disabled,no,7,8192,34.6527
3,jemalloc,raw,64,256,1,disabled,yes,7,8192,103.119
3,jemalloc,zeroed,64,256,1,disabled,yes,7,8192,107.534
3,jemalloc,reallocate,64,256,1,disabled,yes,7,8192,136.21
3,jemalloc,reallocate_zeroed,64,256,1,disabled,yes,7,8192,150.116
3,jemalloc,batch,64,256,1,disabled,yes,7,8192,38.6759
3,jemalloc,mixed_lifetime,64,256,1,disabled,yes,7,8192,30.6906
3,jemalloc,owned_block,64,256,1,disabled,yes,7,8192,170.67
3,jemalloc,raw,256,16,1,disabled,no,7,8192,17.4816
3,jemalloc,zeroed,256,16,1,disabled,no,7,8192,55.6437
3,jemalloc,reallocate,256,16,1,disabled,no,7,8192,50.7355
3,jemalloc,reallocate_zeroed,256,16,1,disabled,no,7,8192,138.733
3,jemalloc,batch,256,16,1,disabled,no,7,8192,17.3441
3,jemalloc,mixed_lifetime,256,16,1,disabled,no,7,8192,14.8518
3,jemalloc,owned_block,256,16,1,disabled,no,7,8192,120.422
3,jemalloc,typed_raw,256,1,1,disabled,no,7,8192,15.2181
3,jemalloc,array,256,1,1,disabled,no,7,8192,17.6544
3,jemalloc,raw,256,16,1,disabled,yes,7,8192,156.387
3,jemalloc,zeroed,256,16,1,disabled,yes,7,8192,120.356
3,jemalloc,reallocate,256,16,1,disabled,yes,7,8192,240.362
3,jemalloc,reallocate_zeroed,256,16,1,disabled,yes,7,8192,235.097
3,jemalloc,batch,256,16,1,disabled,yes,7,8192,36.6669
3,jemalloc,mixed_lifetime,256,16,1,disabled,yes,7,8192,26.5604
3,jemalloc,owned_block,256,16,1,disabled,yes,7,8192,229.187
3,jemalloc,typed_raw,256,1,1,disabled,yes,7,8192,102.585
3,jemalloc,array,256,1,1,disabled,yes,7,8192,110.641
3,jemalloc,raw,256,64,1,disabled,no,7,8192,21.4183
3,jemalloc,zeroed,256,64,1,disabled,no,7,8192,20.5028
3,jemalloc,reallocate,256,64,1,disabled,no,7,8192,49.1384
3,jemalloc,reallocate_zeroed,256,64,1,disabled,no,7,8192,55.72
3,jemalloc,batch,256,64,1,disabled,no,7,8192,17.8019
3,jemalloc,mixed_lifetime,256,64,1,disabled,no,7,8192,14.8773
3,jemalloc,owned_block,256,64,1,disabled,no,7,8192,53.421
3,jemalloc,raw,256,64,1,disabled,yes,7,8192,109.828
3,jemalloc,zeroed,256,64,1,disabled,yes,7,8192,157.094
3,jemalloc,reallocate,256,64,1,disabled,yes,7,8192,266.78
3,jemalloc,reallocate_zeroed,256,64,1,disabled,yes,7,8192,301.656
3,jemalloc,batch,256,64,1,disabled,yes,7,8192,40.8275
3,jemalloc,mixed_lifetime,256,64,1,disabled,yes,7,8192,29.8105
3,jemalloc,owned_block,256,64,1,disabled,yes,7,8192,239.548
3,jemalloc,raw,256,256,1,disabled,no,7,8192,16.1844
3,jemalloc,zeroed,256,256,1,disabled,no,7,8192,18.7988
3,jemalloc,reallocate,256,256,1,disabled,no,7,8192,45.573
3,jemalloc,reallocate_zeroed,256,256,1,disabled,no,7,8192,48.0297
3,jemalloc,batch,256,256,1,disabled,no,7,8192,15.9607
3,jemalloc,mixed_lifetime,256,256,1,disabled,no,7,8192,14.796
3,jemalloc,owned_block,256,256,1,disabled,no,7,8192,45.4304
3,jemalloc,raw,256,256,1,disabled,yes,7,8192,103.032
3,jemalloc,zeroed,256,256,1,disabled,yes,7,8192,108.149
3,jemalloc,reallocate,256,256,1,disabled,yes,7,8192,232.63
3,jemalloc,reallocate_zeroed,256,256,1,disabled,yes,7,8192,245.519
3,jemalloc,batch,256,256,1,disabled,yes,7,8192,38.1521
3,jemalloc,mixed_lifetime,256,256,1,disabled,yes,7,8192,27.3235
3,jemalloc,owned_block,256,256,1,disabled,yes,7,8192,245.341
3,jemalloc,raw,4096,16,1,disabled,no,7,8192,23.814
3,jemalloc,zeroed,4096,16,1,disabled,no,7,8192,70.5515
3,jemalloc,reallocate,4096,16,1,disabled,no,7,8192,135.579
3,jemalloc,reallocate_zeroed,4096,16,1,disabled,no,7,8192,161.54
3,jemalloc,batch,4096,16,1,disabled,no,7,8192,49.7131
3,jemalloc,mixed_lifetime,4096,16,1,disabled,no,7,8192,22.6898
3,jemalloc,owned_block,4096,16,1,disabled,no,7,8192,128.957
3,jemalloc,typed_raw,4096,1,1,disabled,no,7,8192,18.4429
3,jemalloc,array,4096,1,1,disabled,no,7,8192,59.3719
3,jemalloc,raw,4096,16,1,disabled,yes,7,8192,107.025
3,jemalloc,zeroed,4096,16,1,disabled,yes,7,8192,153.575
3,jemalloc,reallocate,4096,16,1,disabled,yes,7,8192,302.683
3,jemalloc,reallocate_zeroed,4096,16,1,disabled,yes,7,8192,373.947
3,jemalloc,batch,4096,16,1,disabled,yes,7,8192,65.6483
3,jemalloc,mixed_lifetime,4096,16,1,disabled,yes,7,8192,60.084
3,jemalloc,owned_block,4096,16,1,disabled,yes,7,8192,294.067
3,jemalloc,typed_raw,4096,1,1,disabled,yes,7,8192,113.602
3,jemalloc,array,4096,1,1,disabled,yes,7,8192,177.775
3,jemalloc,raw,4096,64,1,disabled,no,7,8192,22.4152
3,jemalloc,zeroed,4096,64,1,disabled,no,7,8192,79.4626
3,jemalloc,reallocate,4096,64,1,disabled,no,7,8192,125.86
3,jemalloc,reallocate_zeroed,4096,64,1,disabled,no,7,8192,167.185
3,jemalloc,batch,4096,64,1,disabled,no,7,8192,52.2614
3,jemalloc,mixed_lifetime,4096,64,1,disabled,no,7,8192,23.1018
3,jemalloc,owned_block,4096,64,1,disabled,no,7,8192,134.954
3,jemalloc,raw,4096,64,1,disabled,yes,7,8192,113.235
3,jemalloc,zeroed,4096,64,1,disabled,yes,7,8192,172.134
3,jemalloc,reallocate,4096,64,1,disabled,yes,7,8192,330.119
3,jemalloc,reallocate_zeroed,4096,64,1,disabled,yes,7,8192,343.572
3,jemalloc,batch,4096,64,1,disabled,yes,7,8192,71.0602
3,jemalloc,mixed_lifetime,4096,64,1,disabled,yes,7,8192,66.6403
3,jemalloc,owned_block,4096,64,1,disabled,yes,7,8192,348.145
3,jemalloc,raw,4096,256,1,disabled,no,7,8192,22.4813
3,jemalloc,zeroed,4096,256,1,disabled,no,7,8192,69.8547
3,jemalloc,reallocate,4096,256,1,disabled,no,7,8192,130.407
3,jemalloc,reallocate_zeroed,4096,256,1,disabled,no,7,8192,162.14
3,jemalloc,batch,4096,256,1,disabled,no,7,8192,49.9064
3,jemalloc,mixed_lifetime,4096,256,1,disabled,no,7,8192,22.4863
3,jemalloc,owned_block,4096,256,1,disabled,no,7,8192,127.665
3,jemalloc,raw,4096,256,1,disabled,yes,7,8192,107.249
3,jemalloc,zeroed,4096,256,1,disabled,yes,7,8192,152.145
3,jemalloc,reallocate,4096,256,1,disabled,yes,7,8192,292.079
3,jemalloc,reallocate_zeroed,4096,256,1,disabled,yes,7,8192,386.887
3,jemalloc,batch,4096,256,1,disabled,yes,7,8192,72.3267
3,jemalloc,mixed_lifetime,4096,256,1,disabled,yes,7,8192,68.0338
3,jemalloc,owned_block,4096,256,1,disabled,yes,7,8192,349.925
3,jemalloc,raw,65536,16,1,disabled,no,7,8192,244.085
3,jemalloc,zeroed,65536,16,1,disabled,no,7,8192,1128.89
3,jemalloc,reallocate,65536,16,1,disabled,no,7,8192,413.879
3,jemalloc,reallocate_zeroed,65536,16,1,disabled,no,7,8192,1080.35
3,jemalloc,batch,65536,16,1,disabled,no,7,8192,255.742
3,jemalloc,mixed_lifetime,65536,16,1,disabled,no,7,8192,182.419
3,jemalloc,owned_block,65536,16,1,disabled,no,7,8192,417.603
3,jemalloc,typed_raw,65536,1,1,disabled,no,7,8192,243.952
3,jemalloc,array,65536,1,1,disabled,no,7,8192,1033.72
3,jemalloc,raw,65536,16,1,disabled,yes,7,8192,178.589
3,jemalloc,zeroed,65536,16,1,disabled,yes,7,8192,1003.93
3,jemalloc,reallocate,65536,16,1,disabled,yes,7,8192,356.928
3,jemalloc,reallocate_zeroed,65536,16,1,disabled,yes,7,8192,1058.97
3,jemalloc,batch,65536,16,1,disabled,yes,7,8192,307.999
3,jemalloc,mixed_lifetime,65536,16,1,disabled,yes,7,8192,281.886
3,jemalloc,owned_block,65536,16,1,disabled,yes,7,8192,366.674
3,jemalloc,typed_raw,65536,1,1,disabled,yes,7,8192,219.991
3,jemalloc,array,65536,1,1,disabled,yes,7,8192,968.755
3,jemalloc,raw,65536,64,1,disabled,no,7,8192,251.511
3,jemalloc,zeroed,65536,64,1,disabled,no,7,8192,1060.06
3,jemalloc,reallocate,65536,64,1,disabled,no,7,8192,422.882
3,jemalloc,reallocate_zeroed,65536,64,1,disabled,no,7,8192,1100.61
3,jemalloc,batch,65536,64,1,disabled,no,7,8192,307.144
3,jemalloc,mixed_lifetime,65536,64,1,disabled,no,7,8192,189.824
3,jemalloc,owned_block,65536,64,1,disabled,no,7,8192,417.465
3,jemalloc,raw,65536,64,1,disabled,yes,7,8192,170.685
3,jemalloc,zeroed,65536,64,1,disabled,yes,7,8192,800.283
3,jemalloc,reallocate,65536,64,1,disabled,yes,7,8192,376.521
3,jemalloc,reallocate_zeroed,65536,64,1,disabled,yes,7,8192,968.307
3,jemalloc,batch,65536,64,1,disabled,yes,7,8192,283.147
3,jemalloc,mixed_lifetime,65536,64,1,disabled,yes,7,8192,280.573
3,jemalloc,owned_block,65536,64,1,disabled,yes,7,8192,370.234
3,jemalloc,raw,65536,256,1,disabled,no,7,8192,262.156
3,jemalloc,zeroed,65536,256,1,disabled,no,7,8192,972.819
3,jemalloc,reallocate,65536,256,1,disabled,no,7,8192,457.754
3,jemalloc,reallocate_zeroed,65536,256,1,disabled,no,7,8192,1118.42
3,jemalloc,batch,65536,256,1,disabled,no,7,8192,271.784
3,jemalloc,mixed_lifetime,65536,256,1,disabled,no,7,8192,189.941
3,jemalloc,owned_block,65536,256,1,disabled,no,7,8192,514.13
3,jemalloc,raw,65536,256,1,disabled,yes,7,8192,186.315
3,jemalloc,zeroed,65536,256,1,disabled,yes,7,8192,895.737
3,jemalloc,reallocate,65536,256,1,disabled,yes,7,8192,370.026
3,jemalloc,reallocate_zeroed,65536,256,1,disabled,yes,7,8192,1160.62
3,jemalloc,batch,65536,256,1,disabled,yes,7,8192,276.082
3,jemalloc,mixed_lifetime,65536,256,1,disabled,yes,7,8192,270.04
3,jemalloc,owned_block,65536,256,1,disabled,yes,7,8192,368.454
3,jemalloc,cross_thread,64,16,2,disabled,no,7,8192,27.2064
3,jemalloc,cross_thread,64,16,2,disabled,yes,7,8192,73.5117
3,jemalloc,cross_thread,64,16,4,disabled,no,7,8192,31.8094
3,jemalloc,cross_thread,64,16,4,disabled,yes,7,8192,113.088
3,jemalloc,cross_thread,64,16,8,disabled,no,7,8192,35.2224
3,jemalloc,cross_thread,64,16,8,disabled,yes,7,8192,122.732
3,jemalloc,detailed_statistics,0,0,1,disabled,no,7,512,16665.2
3,jemalloc,detailed_statistics,0,0,1,disabled,yes,7,512,22629.4
3,fixed_buffer,stack_mark_rewind,64,16,1,disabled,no,7,8192,3.89099
3,fixed_buffer,stack_mark_rewind,64,64,1,disabled,no,7,8192,3.90625
3,fixed_buffer,stack_mark_rewind,64,256,1,disabled,no,7,8192,3.89612
3,fixed_buffer,stack_mark_rewind,256,16,1,disabled,no,7,8192,3.88599
3,fixed_buffer,stack_mark_rewind,256,64,1,disabled,no,7,8192,3.93164
3,fixed_buffer,stack_mark_rewind,256,256,1,disabled,no,7,8192,3.90625
3,fixed_buffer,stack_mark_rewind,4096,16,1,disabled,no,7,8192,3.90625
3,fixed_buffer,stack_mark_rewind,4096,64,1,disabled,no,7,8192,3.91125
3,fixed_buffer,stack_mark_rewind,4096,256,1,disabled,no,7,8192,3.93164
3,fixed_buffer,stack_mark_rewind,65536,16,1,disabled,no,7,8192,3.91125
3,fixed_buffer,stack_mark_rewind,65536,64,1,disabled,no,7,8192,4.00793
3,fixed_buffer,stack_mark_rewind,65536,256,1,disabled,no,7,8192,3.98767
