trial,backend,path,phase,slots,live_blocks,requested_bytes,usable_bytes,baseline_rss,rss,peak_rss,max_requested_bytes,events,elapsed_ns
1,mimalloc,disabled,dense,16384,16384,26399824,33011632,2080768,36995072,36995072,26399824,16384,3.93729e+06
1,mimalloc,disabled,sparse,16384,1024,1685488,2107552,2080768,36995072,36995072,26399824,15360,96834
1,mimalloc,disabled,churn_dense,16384,16384,27063664,33841264,2080768,52969472,52969472,27330640,15360,382708
1,mimalloc,disabled,churn_sparse,16384,1024,1685488,2107552,2080768,52969472,52969472,27330640,15360,94750
1,mimalloc,disabled,freed,16384,0,0,0,2080768,52969472,52969472,27330640,1024,44375
1,mimalloc,native,dense,16384,16384,26399824,33011632,2064384,37011456,37011456,26399824,16384,3.49892e+06
1,mimalloc,native,sparse,16384,1024,1685488,2107552,2064384,37011456,37011456,26399824,15360,113000
1,mimalloc,native,churn_dense,16384,16384,27063664,33841264,2064384,52985856,52985856,27330640,15360,446000
1,mimalloc,native,churn_sparse,16384,1024,1685488,2107552,2064384,52985856,52985856,27330640,15360,130375
1,mimalloc,native,freed,16384,0,0,0,2064384,52985856,52985856,27330640,1024,54125
2,mimalloc,disabled,dense,16384,16384,26399824,33011632,2080768,37011456,37011456,26399824,16384,3.48179e+06
2,mimalloc,disabled,sparse,16384,1024,1685488,2107552,2080768,37011456,37011456,26399824,15360,111042
2,mimalloc,disabled,churn_dense,16384,16384,27063664,33841264,2080768,52985856,52985856,27330640,15360,401709
2,mimalloc,disabled,churn_sparse,16384,1024,1685488,2107552,2080768,52985856,52985856,27330640,15360,97834
2,mimalloc,disabled,freed,16384,0,0,0,2080768,52985856,52985856,27330640,1024,45833
2,mimalloc,native,dense,16384,16384,26399824,33011632,2064384,36995072,36995072,26399824,16384,3.43288e+06
2,mimalloc,native,sparse,16384,1024,1685488,2107552,2064384,36995072,36995072,26399824,15360,98167
2,mimalloc,native,churn_dense,16384,16384,27063664,33841264,2064384,52969472,52969472,27330640,15360,422625
2,mimalloc,native,churn_sparse,16384,1024,1685488,2107552,2064384,52969472,52969472,27330640,15360,96458
2,mimalloc,native,freed,16384,0,0,0,2064384,52969472,52969472,27330640,1024,45834
3,mimalloc,disabled,dense,16384,16384,26399824,33011632,2080768,37011456,37011456,26399824,16384,3.10096e+06
3,mimalloc,disabled,sparse,16384,1024,1685488,2107552,2080768,37011456,37011456,26399824,15360,97625
3,mimalloc,disabled,churn_dense,16384,16384,27063664,33841264,2080768,52985856,52985856,27330640,15360,396459
3,mimalloc,disabled,churn_sparse,16384,1024,1685488,2107552,2080768,52985856,52985856,27330640,15360,97833
3,mimalloc,disabled,freed,16384,0,0,0,2080768,52985856,52985856,27330640,1024,45750
3,mimalloc,native,dense,16384,16384,26399824,33011632,2064384,36995072,36995072,26399824,16384,3.13767e+06
3,mimalloc,native,sparse,16384,1024,1685488,2107552,2064384,36995072,36995072,26399824,15360,97209
3,mimalloc,native,churn_dense,16384,16384,27063664,33841264,2064384,52969472,52969472,27330640,15360,441042
3,mimalloc,native,churn_sparse,16384,1024,1685488,2107552,2064384,52969472,52969472,27330640,15360,97792
3,mimalloc,native,freed,16384,0,0,0,2064384,52969472,52969472,27330640,1024,45834
