case,backend,statistics,path,threads,iterations_per_worker,operations,repeat,checksum,seconds,ns_per_iteration,first_start_ns,last_finish_ns,max_worker_seconds
raw64,mimalloc,OFF,sdk,1,50000000,50000000,1,6374991808,0.27096490000000001,5.4192980000000004,249690456627800,249690727592700,0.27096490000000001
raw64,mimalloc,OFF,api,1,50000000,50000000,1,6374991808,0.26351229999999998,5.2702460000000002,249690728041400,249690991553700,0.26351229999999998
raw64,mimalloc,OFF,api,1,50000000,50000000,2,6374991808,0.26353270000000001,5.2706540000000004,249690992300400,249691255833100,0.26353270000000001
raw64,mimalloc,OFF,sdk,1,50000000,50000000,2,6374991808,0.2653433,5.3068660000000003,249691256759800,249691522103100,0.2653433
raw64,mimalloc,OFF,sdk,1,50000000,50000000,3,6374991808,0.26624059999999999,5.3248119999999997,249691522943300,249691789183900,0.26624059999999999
raw64,mimalloc,OFF,api,1,50000000,50000000,3,6374991808,0.26600430000000003,5.3200859999999999,249691790063000,249692056067300,0.26600430000000003
raw64,mimalloc,OFF,api,1,50000000,50000000,4,6374991808,0.26865939999999999,5.3731879999999999,249692057040500,249692325699900,0.26865939999999999
raw64,mimalloc,OFF,sdk,1,50000000,50000000,4,6374991808,0.26948529999999998,5.3897060000000003,249692326558500,249692596043800,0.26948529999999998
raw64,mimalloc,OFF,sdk,1,50000000,50000000,5,6374991808,0.2666192,5.3323840000000002,249692596742300,249692863361500,0.2666192
raw64,mimalloc,OFF,api,1,50000000,50000000,5,6374991808,0.26901999999999998,5.3803999999999998,249692863943000,249693132963000,0.26901999999999998
reallocate_zeroed,mimalloc,OFF,sdk,1,24863766,24863766,1,12581047708,0.35361100000000001,14.221940473538885,249693546645600,249693900256600,0.35361100000000001
reallocate_zeroed,mimalloc,OFF,api,1,24863766,24863766,1,12581047708,0.35096500000000003,14.115520553081138,249693901317400,249694252282400,0.35096500000000003
reallocate_zeroed,mimalloc,OFF,api,1,24863766,24863766,2,12581047708,0.35344789999999998,14.215380727119134,249694253045400,249694606493300,0.35344789999999998
reallocate_zeroed,mimalloc,OFF,sdk,1,24863766,24863766,2,12581047708,0.38496380000000002,15.482924026875091,249694607132500,249694992096300,0.38496380000000002
reallocate_zeroed,mimalloc,OFF,sdk,1,24863766,24863766,3,12581047708,0.34777419999999998,13.987189229499666,249694992751200,249695340525400,0.34777419999999998
reallocate_zeroed,mimalloc,OFF,api,1,24863766,24863766,3,12581047708,0.35379050000000001,14.229159814325794,249695341278500,249695695069000,0.35379050000000001
reallocate_zeroed,mimalloc,OFF,api,1,24863766,24863766,4,12581047708,0.36311860000000001,14.604328242149641,249695695831500,249696058950100,0.36311860000000001
reallocate_zeroed,mimalloc,OFF,sdk,1,24863766,24863766,4,12581047708,0.34676980000000002,13.946793096427951,249696059475700,249696406245500,0.34676980000000002
reallocate_zeroed,mimalloc,OFF,sdk,1,24863766,24863766,5,12581047708,0.35061150000000002,14.101303076935329,249696406770800,249696757382300,0.35061150000000002
reallocate_zeroed,mimalloc,OFF,api,1,24863766,24863766,5,12581047708,0.36141390000000001,14.535766625216791,249696758031300,249697119445200,0.36141390000000001
raw_nt64,mimalloc,OFF,sdk,1,50000000,50000000,1,4800000000,0.2489536,4.9790720000000004,249697519185100,249697768138700,0.2489536
raw_nt64,mimalloc,OFF,api,1,50000000,50000000,1,4800000000,0.248867,4.9773399999999999,249697769027000,249698017894000,0.248867
raw_nt64,mimalloc,OFF,api,1,50000000,50000000,2,4800000000,0.2496689,4.9933779999999999,249698018540900,249698268209800,0.2496689
raw_nt64,mimalloc,OFF,sdk,1,50000000,50000000,2,4800000000,0.25292189999999998,5.0584379999999998,249698268553200,249698521475100,0.25292189999999998
raw_nt64,mimalloc,OFF,sdk,1,50000000,50000000,3,4800000000,0.25387739999999998,5.0775480000000002,249698522288200,249698776165600,0.25387739999999998
raw_nt64,mimalloc,OFF,api,1,50000000,50000000,3,4800000000,0.2489123,4.9782460000000004,249698776642700,249699025555000,0.2489123
raw_nt64,mimalloc,OFF,api,1,50000000,50000000,4,4800000000,0.24901870000000001,4.9803740000000003,249699026537600,249699275556300,0.24901870000000001
raw_nt64,mimalloc,OFF,sdk,1,50000000,50000000,4,4800000000,0.24484980000000001,4.8969959999999997,249699276102000,249699520951800,0.24484980000000001
raw_nt64,mimalloc,OFF,sdk,1,50000000,50000000,5,4800000000,0.25162380000000001,5.0324759999999999,249699521938700,249699773562500,0.25162380000000001
raw_nt64,mimalloc,OFF,api,1,50000000,50000000,5,4800000000,0.27180690000000002,5.4361379999999997,249699774313700,249700046120600,0.27180690000000002
raw_nt65536,mimalloc,OFF,sdk,1,14246904,14246904,1,0,0.32331890000000002,22.693976178964917,249700445027200,249700768346100,0.32331890000000002
raw_nt65536,mimalloc,OFF,api,1,14246904,14246904,1,0,0.31350830000000002,22.005363410885622,249700769347100,249701082855400,0.31350830000000002
raw_nt65536,mimalloc,OFF,api,1,14246904,14246904,2,0,0.34001490000000001,23.865879913278,249701083698500,249701423713400,0.34001490000000001
raw_nt65536,mimalloc,OFF,sdk,1,14246904,14246904,2,0,0.33738430000000003,23.681236288249011,249701424520400,249701761904700,0.33738430000000003
raw_nt65536,mimalloc,OFF,sdk,1,14246904,14246904,3,0,0.34350239999999999,24.110669939237326,249701762509200,249702106011600,0.34350239999999999
raw_nt65536,mimalloc,OFF,api,1,14246904,14246904,3,0,0.3257639,22.86559241221812,249702106571900,249702432335800,0.3257639
raw_nt65536,mimalloc,OFF,api,1,14246904,14246904,4,0,0.33082139999999999,23.22058181903942,249702433244400,249702764065800,0.33082139999999999
raw_nt65536,mimalloc,OFF,sdk,1,14246904,14246904,4,0,0.33604460000000003,23.587201822936407,249702764753000,249703100797600,0.33604460000000003
raw_nt65536,mimalloc,OFF,sdk,1,14246904,14246904,5,0,0.33606059999999999,23.58832487395156,249703101584900,249703437645500,0.33606059999999999
raw_nt65536,mimalloc,OFF,api,1,14246904,14246904,5,0,0.33233420000000002,23.326766292522223,249703438176800,249703770511000,0.33233420000000002
array8,mimalloc,OFF,sdk,1,17635491,17635491,1,35553112896,0.37324669999999999,21.164519887764961,249704189085800,249704562332500,0.37324669999999999
array8,mimalloc,OFF,api,1,17635491,17635491,1,35553112896,0.3677801,20.85454269461508,249704563744800,249704931524900,0.3677801
array8,mimalloc,OFF,api,1,17635491,17635491,2,35553112896,0.34525119999999998,19.577067630268985,249704932759000,249705278010200,0.34525119999999998
array8,mimalloc,OFF,sdk,1,17635491,17635491,2,35553112896,0.3663942,20.775956847473086,249705278588000,249705644982200,0.3663942
array8,mimalloc,OFF,sdk,1,17635491,17635491,3,35553112896,0.36036400000000002,20.434021372016236,249705645745200,249706006109200,0.36036400000000002
array8,mimalloc,OFF,api,1,17635491,17635491,3,35553112896,0.35333130000000001,20.035240300369296,249706006680700,249706360012000,0.35333130000000001
array8,mimalloc,OFF,api,1,17635491,17635491,4,35553112896,0.33550239999999998,19.024273268036598,249706360904700,249706696407100,0.33550239999999998
array8,mimalloc,OFF,sdk,1,17635491,17635491,4,35553112896,0.36243150000000002,20.551256554183833,249706697115600,249707059547100,0.36243150000000002
array8,mimalloc,OFF,sdk,1,17635491,17635491,5,35553112896,0.35484880000000002,20.121288372407662,249707060487400,249707415336200,0.35484880000000002
array8,mimalloc,OFF,api,1,17635491,17635491,5,35553112896,0.35007450000000001,19.85056724533499,249707415971300,249707766045800,0.35007450000000001
disabled64,mimalloc,OFF,sdk,8,38460300,307682400,1,78458897312,0.38848359999999998,1.262612356117867,249708202074500,249708590558100,0.38846839999999999
disabled64,mimalloc,OFF,api,8,38460300,307682400,1,78458897312,0.36269790000000002,1.1788061325574684,249708593855400,249708956553300,0.3626916
disabled64,mimalloc,OFF,api,8,38460300,307682400,2,78458897312,0.35844540000000003,1.164985062519013,249708959926000,249709318371400,0.35842889999999999
disabled64,mimalloc,OFF,sdk,8,38460300,307682400,2,78458897312,0.3885516,1.2628333632342961,249709321073400,249709709625000,0.38854899999999998
disabled64,mimalloc,OFF,sdk,8,38460300,307682400,3,78458897312,0.38155030000000001,1.2400784055246579,249709712893300,249710094443600,0.38154969999999999
disabled64,mimalloc,OFF,api,8,38460300,307682400,3,78458897312,0.35320829999999998,1.1479639394388499,249710097782800,249710450991100,0.35319810000000001
disabled64,mimalloc,OFF,api,8,38460300,307682400,4,78458897312,0.3577476,1.1627171394918916,249710453814900,249710811562500,0.35773880000000002
disabled64,mimalloc,OFF,sdk,8,38460300,307682400,4,78458897312,0.3710929,1.2060907611225082,249710814024000,249711185116900,0.37109150000000002
disabled64,mimalloc,OFF,sdk,8,38460300,307682400,5,78458897312,0.37216749999999998,1.2095833235830193,249711188427900,249711560595400,0.37215589999999998
disabled64,mimalloc,OFF,api,8,38460300,307682400,5,78458897312,0.34784549999999997,1.1305342782037582,249711563291400,249711911136900,0.34783140000000001
raw_nt256,mimalloc,OFF,sdk,1,50000000,50000000,1,0,0.30603550000000002,6.1207099999999999,249712334741000,249712640776500,0.30603550000000002
raw_nt256,mimalloc,OFF,api,1,50000000,50000000,1,0,0.29761009999999999,5.9522019999999998,249712641780000,249712939390100,0.29761009999999999
raw_nt256,mimalloc,OFF,api,1,50000000,50000000,2,0,0.30571969999999998,6.1143939999999999,249712940316800,249713246036500,0.30571969999999998
raw_nt256,mimalloc,OFF,sdk,1,50000000,50000000,2,0,0.29892099999999999,5.9784199999999998,249713246867400,249713545788400,0.29892099999999999
raw_nt256,mimalloc,OFF,sdk,1,50000000,50000000,3,0,0.306114,6.1222799999999999,249713546595800,249713852709800,0.306114
raw_nt256,mimalloc,OFF,api,1,50000000,50000000,3,0,0.30005480000000001,6.0010960000000004,249713853587800,249714153642600,0.30005480000000001
raw_nt256,mimalloc,OFF,api,1,50000000,50000000,4,0,0.29701640000000001,5.9403280000000001,249714154325100,249714451341500,0.29701640000000001
raw_nt256,mimalloc,OFF,sdk,1,50000000,50000000,4,0,0.29513159999999999,5.9026319999999997,249714452231200,249714747362800,0.29513159999999999
raw_nt256,mimalloc,OFF,sdk,1,50000000,50000000,5,0,0.2941802,5.8836040000000001,249714748054100,249715042234300,0.2941802
raw_nt256,mimalloc,OFF,api,1,50000000,50000000,5,0,0.28503119999999998,5.7006240000000004,249715043103400,249715328134600,0.28503119999999998
raw_nt16,mimalloc,OFF,sdk,1,50000000,50000000,1,6000000000,0.24239540000000001,4.8479080000000003,249715895117600,249716137513000,0.24239540000000001
raw_nt16,mimalloc,OFF,api,1,50000000,50000000,1,6000000000,0.23976030000000001,4.7952060000000003,249716138112200,249716377872500,0.23976030000000001
raw_nt16,mimalloc,OFF,api,1,50000000,50000000,2,6000000000,0.23600579999999999,4.720116,249716378622300,249716614628100,0.23600579999999999
raw_nt16,mimalloc,OFF,sdk,1,50000000,50000000,2,6000000000,0.24343970000000001,4.8687940000000003,249716615343500,249716858783200,0.24343970000000001
raw_nt16,mimalloc,OFF,sdk,1,50000000,50000000,3,6000000000,0.23948230000000001,4.7896460000000003,249716859808000,249717099290300,0.23948230000000001
raw_nt16,mimalloc,OFF,api,1,50000000,50000000,3,6000000000,0.230238,4.6047599999999997,249717100031100,249717330269100,0.230238
raw_nt16,mimalloc,OFF,api,1,50000000,50000000,4,6000000000,0.24931130000000001,4.9862260000000003,249717331290300,249717580601600,0.24931130000000001
raw_nt16,mimalloc,OFF,sdk,1,50000000,50000000,4,6000000000,0.23949680000000001,4.789936,249717581374700,249717820871500,0.23949680000000001
raw_nt16,mimalloc,OFF,sdk,1,50000000,50000000,5,6000000000,0.23962330000000001,4.7924660000000001,249717821662200,249718061285500,0.23962330000000001
raw_nt16,mimalloc,OFF,api,1,50000000,50000000,5,6000000000,0.25061339999999999,5.0122679999999997,249718062032500,249718312645900,0.25061339999999999
disabled64,mimalloc,OFF,sdk,4,40530323,162121292,1,41340872732,0.38267180000000001,2.3604043323316226,249718755225700,249719137897500,0.38267180000000001
disabled64,mimalloc,OFF,api,4,40530323,162121292,1,41340872732,0.35648459999999998,2.1988758885538613,249719140029700,249719496514300,0.35647279999999998
disabled64,mimalloc,OFF,api,4,40530323,162121292,2,41340872732,0.37131150000000002,2.2903314883525603,249719498773500,249719870085000,0.37131150000000002
disabled64,mimalloc,OFF,sdk,4,40530323,162121292,2,41340872732,0.40922049999999999,2.5241625880948444,249719872412100,249720281632600,0.4092092
disabled64,mimalloc,OFF,sdk,4,40530323,162121292,3,41340872732,0.40738220000000003,2.5128235469527347,249720283599100,249720690981300,0.40737790000000002
disabled64,mimalloc,OFF,api,4,40530323,162121292,3,41340872732,0.38347890000000001,2.3653827037105035,249720692629300,249721076108200,0.38347890000000001
disabled64,mimalloc,OFF,api,4,40530323,162121292,4,41340872732,0.37625239999999999,2.3208080527756958,249721078158000,249721454410400,0.37624390000000002
disabled64,mimalloc,OFF,sdk,4,40530323,162121292,4,41340872732,0.39929540000000002,2.4629423752680184,249721456290200,249721855585600,0.39928789999999997
disabled64,mimalloc,OFF,sdk,4,40530323,162121292,5,41340872732,0.40412890000000001,2.4927564727278391,249721857880300,249722262009200,0.4041167
disabled64,mimalloc,OFF,api,4,40530323,162121292,5,41340872732,0.38155679999999997,2.3535267656268122,249722263615300,249722645172100,0.38154860000000002
raw_touch65536,mimalloc,OFF,sdk,1,350297,350297,1,44655436,0.35133019999999998,1002.9494971409976,249723372938400,249723724268600,0.35133019999999998
raw_touch65536,mimalloc,OFF,api,1,350297,350297,1,44655436,0.35434290000000002,1011.5499133592351,249723726110100,249724080453000,0.35434290000000002
raw_touch65536,mimalloc,OFF,api,1,350297,350297,2,44655436,0.35708079999999998,1019.3658524052447,249724081833700,249724438914500,0.35708079999999998
raw_touch65536,mimalloc,OFF,sdk,1,350297,350297,2,44655436,0.36366809999999999,1038.1707522473787,249724440641000,249724804309100,0.36366809999999999
raw_touch65536,mimalloc,OFF,sdk,1,350297,350297,3,44655436,0.35708479999999998,1019.3772712869365,249724805848300,249725162933100,0.35708479999999998
raw_touch65536,mimalloc,OFF,api,1,350297,350297,3,44655436,0.37259569999999997,1063.6565542953551,249725164286600,249725536882300,0.37259569999999997
raw_touch65536,mimalloc,OFF,api,1,350297,350297,4,44655436,0.36253930000000001,1034.9483438339466,249725538313000,249725900852300,0.36253930000000001
raw_touch65536,mimalloc,OFF,sdk,1,350297,350297,4,44655436,0.3575971,1020.8397445596165,249725902628200,249726260225300,0.3575971
raw_touch65536,mimalloc,OFF,sdk,1,350297,350297,5,44655436,0.35896470000000003,1024.7438602100503,249726261888700,249726620853400,0.35896470000000003
raw_touch65536,mimalloc,OFF,api,1,350297,350297,5,44655436,0.35917909999999997,1025.355912268732,249726622557100,249726981736200,0.35917909999999997
vector,mimalloc,OFF,sdk,1,1618827,1618827,1,1235149257,0.43120039999999998,266.36595510205848,249727702221300,249728133421700,0.43120039999999998
vector,mimalloc,OFF,api,1,1618827,1618827,1,1235149257,0.34510279999999999,213.18077842783694,249728134553800,249728479656600,0.34510279999999999
vector,mimalloc,OFF,api,1,1618827,1618827,2,1235149257,0.34708460000000002,214.40499818695884,249728480482200,249728827566800,0.34708460000000002
vector,mimalloc,OFF,sdk,1,1618827,1618827,2,1235149257,0.4086764,252.45217679220818,249728828241400,249729236917800,0.4086764
vector,mimalloc,OFF,sdk,1,1618827,1618827,3,1235149257,0.43221660000000001,266.99369358183424,249729237616600,249729669833200,0.43221660000000001
vector,mimalloc,OFF,api,1,1618827,1618827,3,1235149257,0.33373540000000002,206.15878040087051,249729670444200,249730004179600,0.33373540000000002
vector,mimalloc,OFF,api,1,1618827,1618827,4,1235149257,0.3352617,207.10162358300175,249730005210400,249730340472100,0.3352617
vector,mimalloc,OFF,sdk,1,1618827,1618827,4,1235149257,0.3885633,240.02768671389839,249730341647300,249730730210600,0.3885633
vector,mimalloc,OFF,sdk,1,1618827,1618827,5,1235149257,0.40525470000000002,250.33848582955437,249730731011500,249731136266200,0.40525470000000002
vector,mimalloc,OFF,api,1,1618827,1618827,5,1235149257,0.34049659999999998,210.33538481876076,249731137391400,249731477888000,0.34049659999999998
shape_matched_shared,mimalloc,OFF,sdk,1,13159859,13159859,1,3342591406,0.36697000000000002,27.885557132489033,249731912259600,249732279229600,0.36697000000000002
shape_matched_shared,mimalloc,OFF,api,1,13159859,13159859,1,3342591406,0.34714699999999998,26.379234002431183,249732280334900,249732627481900,0.34714699999999998
shape_matched_shared,mimalloc,OFF,api,1,13159859,13159859,2,3342591406,0.35130030000000001,26.694837687850608,249732628011400,249732979311700,0.35130030000000001
shape_matched_shared,mimalloc,OFF,sdk,1,13159859,13159859,2,3342591406,0.3640716,27.66531161162137,249732979918200,249733343989800,0.3640716
shape_matched_shared,mimalloc,OFF,sdk,1,13159859,13159859,3,3342591406,0.36377660000000001,27.642894958069078,249733344577700,249733708354300,0.36377660000000001
shape_matched_shared,mimalloc,OFF,api,1,13159859,13159859,3,3342591406,0.35226800000000003,26.768371910367733,249733709228200,249734061496200,0.35226800000000003
shape_matched_shared,mimalloc,OFF,api,1,13159859,13159859,4,3342591406,0.3846599,29.229788860199793,249734062036900,249734446696800,0.3846599
shape_matched_shared,mimalloc,OFF,sdk,1,13159859,13159859,4,3342591406,0.38801039999999998,29.484388852494543,249734447578400,249734835588800,0.38801039999999998
shape_matched_shared,mimalloc,OFF,sdk,1,13159859,13159859,5,3342591406,0.37583480000000002,28.559181371168187,249734836002400,249735211837200,0.37583480000000002
shape_matched_shared,mimalloc,OFF,api,1,13159859,13159859,5,3342591406,0.3509448,26.667823720603693,249735212598800,249735563543600,0.3509448
batch64,mimalloc,OFF,sdk,1,50000000,50000000,1,4800000000,0.2984501,5.9690019999999997,249735995494700,249736293944800,0.2984501
batch64,mimalloc,OFF,api,1,50000000,50000000,1,4800000000,0.2903461,5.8069220000000001,249736294825800,249736585171900,0.2903461
batch64,mimalloc,OFF,api,1,50000000,50000000,2,4800000000,0.29753200000000002,5.9506399999999999,249736585934100,249736883466100,0.29753200000000002
batch64,mimalloc,OFF,sdk,1,50000000,50000000,2,4800000000,0.29115750000000001,5.82315,249736884101700,249737175259200,0.29115750000000001
batch64,mimalloc,OFF,sdk,1,50000000,50000000,3,4800000000,0.27663650000000001,5.5327299999999999,249737176195200,249737452831700,0.27663650000000001
batch64,mimalloc,OFF,api,1,50000000,50000000,3,4800000000,0.298151,5.9630200000000002,249737453289100,249737751440100,0.298151
batch64,mimalloc,OFF,api,1,50000000,50000000,4,4800000000,0.28731909999999999,5.7463819999999997,249737751853900,249738039173000,0.28731909999999999
batch64,mimalloc,OFF,sdk,1,50000000,50000000,4,4800000000,0.28638029999999998,5.7276059999999998,249738040462800,249738326843100,0.28638029999999998
batch64,mimalloc,OFF,sdk,1,50000000,50000000,5,4800000000,0.28422239999999999,5.6844479999999997,249738327208000,249738611430400,0.28422239999999999
batch64,mimalloc,OFF,api,1,50000000,50000000,5,4800000000,0.28521750000000001,5.7043499999999998,249738612707300,249738897924800,0.28521750000000001
unique,mimalloc,OFF,sdk,1,50000000,50000000,1,12599990412,0.23968410000000001,4.7936820000000004,249739338451800,249739578135900,0.23968410000000001
unique,mimalloc,OFF,api,1,50000000,50000000,1,12599990412,0.23092960000000001,4.6185919999999996,249739578909000,249739809838600,0.23092960000000001
unique,mimalloc,OFF,api,1,50000000,50000000,2,12599990412,0.23623739999999999,4.7247479999999999,249739810689100,249740046926500,0.23623739999999999
unique,mimalloc,OFF,sdk,1,50000000,50000000,2,12599990412,0.26518619999999998,5.3037239999999999,249740047461000,249740312647200,0.26518619999999998
unique,mimalloc,OFF,sdk,1,50000000,50000000,3,12599990412,0.26583180000000001,5.3166359999999999,249740313050500,249740578882300,0.26583180000000001
unique,mimalloc,OFF,api,1,50000000,50000000,3,12599990412,0.25151960000000001,5.030392,249740580166500,249740831686100,0.25151960000000001
unique,mimalloc,OFF,api,1,50000000,50000000,4,12599990412,0.24082700000000001,4.8165399999999998,249740832455800,249741073282800,0.24082700000000001
unique,mimalloc,OFF,sdk,1,50000000,50000000,4,12599990412,0.24577660000000001,4.9155319999999998,249741073984600,249741319761200,0.24577660000000001
unique,mimalloc,OFF,sdk,1,50000000,50000000,5,12599990412,0.24320710000000001,4.8641420000000002,249741320628200,249741563835300,0.24320710000000001
unique,mimalloc,OFF,api,1,50000000,50000000,5,12599990412,0.23053180000000001,4.6106360000000004,249741564628900,249741795160700,0.23053180000000001
owned,mimalloc,OFF,sdk,1,50000000,50000000,1,12599990412,0.22569719999999999,4.5139440000000004,249742231036500,249742456733700,0.22569719999999999
owned,mimalloc,OFF,api,1,50000000,50000000,1,12599990412,0.2126508,4.2530159999999997,249742457733200,249742670384000,0.2126508
owned,mimalloc,OFF,api,1,50000000,50000000,2,12599990412,0.22066820000000001,4.4133639999999996,249742671330600,249742891998800,0.22066820000000001
owned,mimalloc,OFF,sdk,1,50000000,50000000,2,12599990412,0.22761809999999999,4.5523619999999996,249742892970400,249743120588500,0.22761809999999999
owned,mimalloc,OFF,sdk,1,50000000,50000000,3,12599990412,0.22066279999999999,4.4132559999999996,249743121324500,249743341987300,0.22066279999999999
owned,mimalloc,OFF,api,1,50000000,50000000,3,12599990412,0.2203224,4.4064480000000001,249743342688200,249743563010600,0.2203224
owned,mimalloc,OFF,api,1,50000000,50000000,4,12599990412,0.21894359999999999,4.3788720000000003,249743563953300,249743782896900,0.21894359999999999
owned,mimalloc,OFF,sdk,1,50000000,50000000,4,12599990412,0.22247030000000001,4.4494059999999998,249743783854900,249744006325200,0.22247030000000001
owned,mimalloc,OFF,sdk,1,50000000,50000000,5,12599990412,0.21513599999999999,4.3027199999999999,249744006895900,249744222031900,0.21513599999999999
owned,mimalloc,OFF,api,1,50000000,50000000,5,12599990412,0.20762359999999999,4.1524720000000004,249744222860600,249744430484200,0.20762359999999999
raw_nt4096,mimalloc,OFF,sdk,1,16052352,16052352,1,0,0.36044959999999998,22.454628455692973,249744848986400,249745209436000,0.36044959999999998
raw_nt4096,mimalloc,OFF,api,1,16052352,16052352,1,0,0.33928550000000002,21.136186148920732,249745210268700,249745549554200,0.33928550000000002
raw_nt4096,mimalloc,OFF,api,1,16052352,16052352,2,0,0.34845480000000001,21.707398392459872,249745550446400,249745898901200,0.34845480000000001
raw_nt4096,mimalloc,OFF,sdk,1,16052352,16052352,2,0,0.3496187,21.779904901163395,249745899694700,249746249313400,0.3496187
raw_nt4096,mimalloc,OFF,sdk,1,16052352,16052352,3,0,0.34547270000000002,21.521624993022829,249746249797000,249746595269700,0.34547270000000002
raw_nt4096,mimalloc,OFF,api,1,16052352,16052352,3,0,0.34948200000000001,21.771389015142454,249746596007900,249746945489900,0.34948200000000001
raw_nt4096,mimalloc,OFF,api,1,16052352,16052352,4,0,0.3507961,21.853252408120628,249746946507800,249747297303900,0.3507961
raw_nt4096,mimalloc,OFF,sdk,1,16052352,16052352,4,0,0.34446919999999998,21.459110789496766,249747297976800,249747642446000,0.34446919999999998
raw_nt4096,mimalloc,OFF,sdk,1,16052352,16052352,5,0,0.35998479999999999,22.42567319729844,249747642829300,249748002814100,0.35998479999999999
raw_nt4096,mimalloc,OFF,api,1,16052352,16052352,5,0,0.36654730000000002,22.834491792853782,249748003594000,249748370141300,0.36654730000000002
disabled64,mimalloc,OFF,sdk,1,50000000,50000000,1,12749983616,0.27009719999999998,5.4019440000000003,249748799653800,249749069751000,0.27009719999999998
disabled64,mimalloc,OFF,api,1,50000000,50000000,1,12749983616,0.2516581,5.0331619999999999,249749070883300,249749322541400,0.2516581
disabled64,mimalloc,OFF,api,1,50000000,50000000,2,12749983616,0.25173000000000001,5.0346000000000002,249749323406300,249749575136300,0.25173000000000001
disabled64,mimalloc,OFF,sdk,1,50000000,50000000,2,12749983616,0.25915870000000002,5.1831740000000002,249749575898500,249749835057200,0.25915870000000002
disabled64,mimalloc,OFF,sdk,1,50000000,50000000,3,12749983616,0.26418340000000001,5.2836679999999996,249749836246900,249750100430300,0.26418340000000001
disabled64,mimalloc,OFF,api,1,50000000,50000000,3,12749983616,0.2520617,5.0412340000000002,249750101016700,249750353078400,0.2520617
disabled64,mimalloc,OFF,api,1,50000000,50000000,4,12749983616,0.25660880000000003,5.1321760000000003,249750353640100,249750610248900,0.25660880000000003
disabled64,mimalloc,OFF,sdk,1,50000000,50000000,4,12749983616,0.26096999999999998,5.2194000000000003,249750611372700,249750872342700,0.26096999999999998
disabled64,mimalloc,OFF,sdk,1,50000000,50000000,5,12749983616,0.26687129999999998,5.3374259999999998,249750873146500,249751140017800,0.26687129999999998
disabled64,mimalloc,OFF,api,1,50000000,50000000,5,12749983616,0.2485357,4.9707140000000001,249751140595300,249751389131000,0.2485357
disabled64,mimalloc,OFF,sdk,2,38873236,77746472,1,19825321664,0.36654540000000002,4.7146242211479388,249751896025200,249752262570600,0.36654540000000002
disabled64,mimalloc,OFF,api,2,38873236,77746472,1,19825321664,0.33901920000000002,4.3605734289782303,249752263732600,249752602751800,0.3390088
disabled64,mimalloc,OFF,api,2,38873236,77746472,2,19825321664,0.3519988,4.5275211973605698,249752603761500,249752955760300,0.3519988
disabled64,mimalloc,OFF,sdk,2,38873236,77746472,2,19825321664,0.35255829999999999,4.5347176653880839,249752956806400,249753309364700,0.35255619999999999
disabled64,mimalloc,OFF,sdk,2,38873236,77746472,3,19825321664,0.35862680000000002,4.6127726541726553,249753310460500,249753669087300,0.35862579999999999
disabled64,mimalloc,OFF,api,2,38873236,77746472,3,19825321664,0.36322710000000002,4.6719431847659916,249753670207700,249754033434800,0.36321619999999999
disabled64,mimalloc,OFF,api,2,38873236,77746472,4,19825321664,0.3599099,4.6292762969360206,249754034556500,249754394466400,0.3599099
disabled64,mimalloc,OFF,sdk,2,38873236,77746472,4,19825321664,0.35944520000000002,4.6232991768423908,249754395425700,249754754870900,0.3594445
disabled64,mimalloc,OFF,sdk,2,38873236,77746472,5,19825321664,0.3545604,4.5604693162154035,249754755879400,249755110439800,0.35455969999999998
disabled64,mimalloc,OFF,api,2,38873236,77746472,5,19825321664,0.33653290000000002,4.3285938428177166,249755111769300,249755448302200,0.33653290000000002
zeroed,mimalloc,OFF,sdk,1,43128658,43128658,1,10868408046,0.37565490000000001,8.7100994424635232,249755878002000,249756253656900,0.37565490000000001
zeroed,mimalloc,OFF,api,1,43128658,43128658,1,10868408046,0.35263719999999998,8.176400944355839,249756254777600,249756607414800,0.35263719999999998
zeroed,mimalloc,OFF,api,1,43128658,43128658,2,10868408046,0.36131489999999999,8.3776059064949351,249756607950500,249756969265400,0.36131489999999999
zeroed,mimalloc,OFF,sdk,1,43128658,43128658,2,10868408046,0.37994879999999998,8.8096596930978013,249756969820100,249757349768900,0.37994879999999998
zeroed,mimalloc,OFF,sdk,1,43128658,43128658,3,10868408046,0.37347029999999998,8.6594463477161749,249757350650800,249757724121100,0.37347029999999998
zeroed,mimalloc,OFF,api,1,43128658,43128658,3,10868408046,0.35859289999999999,8.3144924194024306,249757724692800,249758083285700,0.35859289999999999
zeroed,mimalloc,OFF,api,1,43128658,43128658,4,10868408046,0.35837730000000001,8.3094934231433779,249758083835100,249758442212400,0.35837730000000001
zeroed,mimalloc,OFF,sdk,1,43128658,43128658,4,10868408046,0.36635410000000002,8.4944470101527383,249758443113600,249758809467700,0.36635410000000002
zeroed,mimalloc,OFF,sdk,1,43128658,43128658,5,10868408046,0.37157269999999998,8.615447760976009,249758810330000,249759181902700,0.37157269999999998
zeroed,mimalloc,OFF,api,1,43128658,43128658,5,10868408046,0.35130260000000002,8.1454563228004915,249759182907800,249759534210400,0.35130260000000002
reallocate,mimalloc,OFF,sdk,1,25100290,25100290,1,12700730204,0.34364270000000002,13.690786042711061,249759996029500,249760339672200,0.34364270000000002
reallocate,mimalloc,OFF,api,1,25100290,25100290,1,12700730204,0.34295779999999998,13.6634995053842,249760340626600,249760683584400,0.34295779999999998
reallocate,mimalloc,OFF,api,1,25100290,25100290,2,12700730204,0.34689130000000001,13.820210842185489,249760684156600,249761031047900,0.34689130000000001
reallocate,mimalloc,OFF,sdk,1,25100290,25100290,2,12700730204,0.34342689999999998,13.682188532483091,249761031750400,249761375177300,0.34342689999999998
reallocate,mimalloc,OFF,sdk,1,25100290,25100290,3,12700730204,0.34436270000000002,13.719470970255722,249761375877200,249761720239900,0.34436270000000002
reallocate,mimalloc,OFF,api,1,25100290,25100290,3,12700730204,0.3400417,13.547321564810606,249761720582900,249762060624600,0.3400417
reallocate,mimalloc,OFF,api,1,25100290,25100290,4,12700730204,0.33894049999999998,13.503449561738131,249762061287900,249762400228400,0.33894049999999998
reallocate,mimalloc,OFF,sdk,1,25100290,25100290,4,12700730204,0.33394600000000002,13.304467796985612,249762400641600,249762734587600,0.33394600000000002
reallocate,mimalloc,OFF,sdk,1,25100290,25100290,5,12700730204,0.35255809999999999,14.045977158032835,249762735492800,249763088050900,0.35255809999999999
reallocate,mimalloc,OFF,api,1,25100290,25100290,5,12700730204,0.34534160000000003,13.758470519663319,249763089046800,249763434388400,0.34534160000000003
disabled64,mimalloc,OFF,sdk,16,36537404,584598464,1,149072486848,0.37268519999999999,0.63750629355057631,249763903332400,249764276017600,0.3726795
disabled64,mimalloc,OFF,api,16,36537404,584598464,1,149072486848,0.35257699999999997,0.6031096927411701,249764281457100,249764634034100,0.35255609999999998
disabled64,mimalloc,OFF,api,16,36537404,584598464,2,149072486848,0.34534300000000001,0.59073538722127061,249764639375100,249764984718100,0.34531859999999998
disabled64,mimalloc,OFF,sdk,16,36537404,584598464,2,149072486848,0.3673419,0.62836617374348758,249764989731900,249765357073800,0.36733399999999999
disabled64,mimalloc,OFF,sdk,16,36537404,584598464,3,149072486848,0.37009700000000001,0.63307898119964956,249765363853400,249765733950400,0.37007810000000002
disabled64,mimalloc,OFF,api,16,36537404,584598464,3,149072486848,0.36148429999999998,0.61834630478946995,249765738821500,249766100305800,0.36146620000000002
disabled64,mimalloc,OFF,api,16,36537404,584598464,4,149072486848,0.3654153,0.62507057835855007,249766105321300,249766470736600,0.3654153
disabled64,mimalloc,OFF,sdk,16,36537404,584598464,4,149072486848,0.36832779999999998,0.63005263044960724,249766475974200,249766844302000,0.36831580000000003
disabled64,mimalloc,OFF,sdk,16,36537404,584598464,5,149072486848,0.37775940000000002,0.64618609740308863,249766849408300,249767227167700,0.37773459999999998
disabled64,mimalloc,OFF,api,16,36537404,584598464,5,149072486848,0.35986649999999998,0.61557893521937135,249767232217500,249767592084000,0.35984290000000002
shared,mimalloc,OFF,sdk,1,13167711,13167711,1,3344598594,0.35966130000000002,27.313881660981167,249768044482200,249768404143500,0.35966130000000002
shared,mimalloc,OFF,api,1,13167711,13167711,1,3344598594,0.35676920000000001,27.09424591715295,249768404591800,249768761361000,0.35676920000000001
shared,mimalloc,OFF,api,1,13167711,13167711,2,3344598594,0.34410099999999999,26.132180452623846,249768761900400,249769106001400,0.34410099999999999
shared,mimalloc,OFF,sdk,1,13167711,13167711,2,3344598594,0.37335859999999998,28.354100420338813,249769106777200,249769480135800,0.37335859999999998
shared,mimalloc,OFF,sdk,1,13167711,13167711,3,3344598594,0.39195059999999998,29.766039063281386,249769481142900,249769873093500,0.39195059999999998
shared,mimalloc,OFF,api,1,13167711,13167711,3,3344598594,0.38658219999999999,29.358344817865458,249769874026700,249770260608900,0.38658219999999999
shared,mimalloc,OFF,api,1,13167711,13167711,4,3344598594,0.35811159999999997,27.196192261509992,249770261734000,249770619845600,0.35811159999999997
shared,mimalloc,OFF,sdk,1,13167711,13167711,4,3344598594,0.36166920000000002,27.466368300458598,249770620625400,249770982294600,0.36166920000000002
shared,mimalloc,OFF,sdk,1,13167711,13167711,5,3344598594,0.36108610000000002,27.422085736845226,249770982871600,249771343957700,0.36108610000000002
shared,mimalloc,OFF,api,1,13167711,13167711,5,3344598594,0.34631430000000002,26.300265854862701,249771344741900,249771691056200,0.34631430000000002
pmr_vector,mimalloc,OFF,sdk,1,1627644,1627644,1,1241877812,0.37251010000000001,228.86460429922022,249772417045000,249772789555100,0.37251010000000001
pmr_vector,mimalloc,OFF,api,1,1627644,1627644,1,1241877812,0.30328440000000001,186.33337511151086,249772790623800,249773093908200,0.30328440000000001
pmr_vector,mimalloc,OFF,api,1,1627644,1627644,2,1241877812,0.28062290000000001,172.4104902546257,249773094819000,249773375441900,0.28062290000000001
pmr_vector,mimalloc,OFF,sdk,1,1627644,1627644,2,1241877812,0.34159070000000002,209.86818984986888,249773376441500,249773718032200,0.34159070000000002
pmr_vector,mimalloc,OFF,sdk,1,1627644,1627644,3,1241877812,0.3467713,213.05107259326979,249773718875800,249774065647100,0.3467713
pmr_vector,mimalloc,OFF,api,1,1627644,1627644,3,1241877812,0.31039699999999998,190.70324960495046,249774066478500,249774376875500,0.31039699999999998
pmr_vector,mimalloc,OFF,api,1,1627644,1627644,4,1241877812,0.2982764,183.2565352128598,249774377677900,249774675954300,0.2982764
pmr_vector,mimalloc,OFF,sdk,1,1627644,1627644,4,1241877812,0.3641759,223.74419713401701,249774676794000,249775040969900,0.3641759
pmr_vector,mimalloc,OFF,sdk,1,1627644,1627644,5,1241877812,0.33862320000000001,208.04500246982755,249775042196700,249775380819900,0.33862320000000001
pmr_vector,mimalloc,OFF,api,1,1627644,1627644,5,1241877812,0.35134510000000002,215.86114654064403,249775381658900,249775733004000,0.35134510000000002
