repeat,variant,backend,path,bytes,repetitions,operations,min_ns,median_ns,max_ns
1,base,standard,native,16,9,200000,9.66717,10.1095,12.3621
1,base,standard,disabled,16,9,200000,12.2588,13.1275,13.8073
1,native,standard,native,16,9,200000,9.9932,10.7613,11.0108
1,native,standard,disabled,16,9,200000,10.0769,10.4208,11.2744
1,base,standard,native,64,9,200000,9.78498,10.015,10.9572
1,base,standard,disabled,64,9,200000,11.8259,12.7759,13.8311
1,native,standard,native,64,9,200000,11.0404,12.8655,17.1848
1,native,standard,disabled,64,9,200000,10.4411,13.9499,15.1475
1,base,standard,native,256,9,200000,11.5574,13.3766,13.7703
1,base,standard,disabled,256,9,200000,14.1107,15.7372,16.3459
1,native,standard,native,256,9,200000,13.6169,14.2279,15.641
1,native,standard,disabled,256,9,200000,12.4062,13.8513,15.2791
1,base,standard,native,4096,9,200000,20.109,22.6751,25.8874
1,base,standard,disabled,4096,9,200000,24.3897,27.5817,29.8663
1,native,standard,native,4096,9,200000,23.4207,26.5239,28.2276
1,native,standard,disabled,4096,9,200000,22.9823,24.3664,26.1541
1,base,standard,native,65536,9,200000,20.0926,22.8793,24.5435
1,base,standard,disabled,65536,9,200000,23.0192,24.0164,32.4721
1,native,standard,native,65536,9,200000,26.6222,29.3665,31.8596
1,native,standard,disabled,65536,9,200000,22.7926,24.3615,27.6783
2,native,standard,disabled,16,9,200000,12.8841,13.5771,14.2613
2,native,standard,native,16,9,200000,10.0493,10.857,14.0976
2,base,standard,disabled,16,9,200000,11.61,12.1063,14.0957
2,base,standard,native,16,9,200000,9.78826,10.1733,10.462
2,native,standard,disabled,64,9,200000,10.1227,10.7696,11.8758
2,native,standard,native,64,9,200000,10.115,10.7037,12.3036
2,base,standard,disabled,64,9,200000,12.1902,13.0656,15.5501
2,base,standard,native,64,9,200000,9.59628,10.0876,10.8697
2,native,standard,disabled,256,9,200000,10.27,10.5472,11.6552
2,native,standard,native,256,9,200000,10.344,11.4703,13.0346
2,base,standard,disabled,256,9,200000,12.0642,14.2175,15.8022
2,base,standard,native,256,9,200000,9.84133,11.2481,13.9021
2,native,standard,disabled,4096,9,200000,19.434,23.9889,25.5303
2,native,standard,native,4096,9,200000,19.6684,22.1425,22.4035
2,base,standard,disabled,4096,9,200000,20.9686,25.5141,30.4196
2,base,standard,native,4096,9,200000,17.8373,19.1826,21.1038
2,native,standard,disabled,65536,9,200000,22.3376,23.5887,25.0442
2,native,standard,native,65536,9,200000,21.206,22.3606,23.7873
2,base,standard,disabled,65536,9,200000,22.4758,26.2364,29.1646
2,base,standard,native,65536,9,200000,19.8331,20.8044,22.3579
3,base,standard,native,16,9,200000,9.64111,10.2099,12.4434
3,base,standard,disabled,16,9,200000,11.8192,13.2401,14.0675
3,native,standard,native,16,9,200000,10.0293,11.7021,13.6242
3,native,standard,disabled,16,9,200000,10.1347,10.6048,11.5415
3,base,standard,native,64,9,200000,9.52031,10.1374,12.6397
3,base,standard,disabled,64,9,200000,12.1464,12.6209,13.3157
3,native,standard,native,64,9,200000,10.197,10.3866,10.9633
3,native,standard,disabled,64,9,200000,10.2393,10.4839,11.3027
3,base,standard,native,256,9,200000,10.1038,11.4469,13.4059
3,base,standard,disabled,256,9,200000,11.9507,12.7412,15.4188
3,native,standard,native,256,9,200000,10.175,10.567,14.1229
3,native,standard,disabled,256,9,200000,9.94497,10.6297,11.5013
3,base,standard,native,4096,9,200000,18.2899,19.3622,23.5479
3,base,standard,disabled,4096,9,200000,20.8856,21.4483,22.2151
3,native,standard,native,4096,9,200000,19.1196,19.7677,20.28
3,native,standard,disabled,4096,9,200000,18.6425,19.9833,22.4519
3,base,standard,native,65536,9,200000,19.7506,20.6274,22.3069
3,base,standard,disabled,65536,9,200000,22.4098,23.96,30.0959
3,native,standard,native,65536,9,200000,20.7724,23.35,24.6067
3,native,standard,disabled,65536,9,200000,20.2832,22.0287,23.4268
4,native,standard,disabled,16,9,200000,9.92254,10.8617,11.5479
4,native,standard,native,16,9,200000,9.98616,10.8903,11.5729
4,base,standard,disabled,16,9,200000,11.7987,13.6646,15.7899
4,base,standard,native,16,9,200000,9.55007,10.0881,10.4652
4,native,standard,disabled,64,9,200000,10.1438,10.5146,12.2451
4,native,standard,native,64,9,200000,10.0706,11.4196,13.4224
4,base,standard,disabled,64,9,200000,11.7308,12.4226,13.906
4,base,standard,native,64,9,200000,9.66001,9.88968,11.6129
4,native,standard,disabled,256,9,200000,10.3952,11.7382,13.4243
4,native,standard,native,256,9,200000,9.93594,10.7203,12.1785
4,base,standard,disabled,256,9,200000,11.9625,12.8382,13.8292
4,base,standard,native,256,9,200000,9.79018,11.4678,11.7629
4,native,standard,disabled,4096,9,200000,20.1473,20.796,22.3555
4,native,standard,native,4096,9,200000,19.1285,20.3849,20.782
4,base,standard,disabled,4096,9,200000,21.0758,21.6971,24.1811
4,base,standard,native,4096,9,200000,18.3003,19.2435,19.7787
4,native,standard,disabled,65536,9,200000,22.0582,22.7065,24.8572
4,native,standard,native,65536,9,200000,21.5938,22.0795,23.4303
4,base,standard,disabled,65536,9,200000,22.8713,23.8693,28.2489
4,base,standard,native,65536,9,200000,21.0761,22.4797,23.9501
5,base,standard,native,16,9,200000,10.2769,10.9545,12.688
5,base,standard,disabled,16,9,200000,11.8505,12.6912,13.4279
5,native,standard,native,16,9,200000,10.7283,11.1083,12.6919
5,native,standard,disabled,16,9,200000,10.2565,10.8337,12.2514
5,base,standard,native,64,9,200000,10.166,10.4636,11.6238
5,base,standard,disabled,64,9,200000,12.9121,13.8168,15.9682
5,native,standard,native,64,9,200000,10.5342,10.9583,12.0256
5,native,standard,disabled,64,9,200000,10.7343,12.2277,14.252
5,base,standard,native,256,9,200000,10.1115,10.58,11.2904
5,base,standard,disabled,256,9,200000,12.1398,12.8916,13.9408
5,native,standard,native,256,9,200000,10.139,10.8338,11.5458
5,native,standard,disabled,256,9,200000,10.2187,11.2464,14.0468
5,base,standard,native,4096,9,200000,17.6638,19.2246,21.2901
5,base,standard,disabled,4096,9,200000,21.8946,22.4839,26.6482
5,native,standard,native,4096,9,200000,19.2929,20.2639,24.0019
5,native,standard,disabled,4096,9,200000,20.5391,23.8641,25.9599
5,base,standard,native,65536,9,200000,21.0852,23.2772,26.3883
5,base,standard,disabled,65536,9,200000,23.6174,26.9457,29.854
5,native,standard,native,65536,9,200000,21.0912,22.3952,24.6542
5,native,standard,disabled,65536,9,200000,22.0757,22.8747,24.1521
