case,threads,iterations_per_worker,pairs,paired_percent,paired_min,paired_max,median_pass90,all_pairs_pass90
raw64,1,50000000,5,98.73379959937114,97.49703790359266,101.195403978869,True,True
reallocate_zeroed,1,25649502,5,99.58718903961177,97.61617604303352,102.704312624682,True,True
raw_nt64,1,50000000,5,100.66667594926133,94.57899254544616,102.43722806381435,True,True
raw_nt65536,1,14474429,5,100.55841821519127,99.85043099950818,105.17761226206272,True,True
array8,1,18539282,5,103.15176638616994,101.53856333158038,105.79969822708411,True,True
disabled64,8,38845304,5,92.54339460644866,85.36243750926899,96.87517084974334,True,False
raw_nt256,1,50000000,5,103.03314990821974,99.77419602049503,104.67211449926882,True,True
raw_nt16,1,50000000,5,99.39465951807624,97.39226183450369,101.63351708053956,True,True
disabled64,4,38545101,5,96.36663634108015,86.40462216597659,100.47848381284209,True,False
raw_touch65536,1,348770,5,99.03824698503996,97.52981724322684,100.5641583873615,True,True
vector,1,1720941,5,43.01928169913431,42.90006776655912,44.4427335887346,False,False
shape_matched_shared,1,13215421,5,102.4336136174737,100.81997031575456,104.03703087157739,True,True
batch64,1,50000000,5,95.0209608016624,93.6196955731199,95.44204540668042,True,True
unique,1,50000000,5,97.7740493464955,90.1650630448077,106.13440433532706,True,True
owned,1,50000000,5,98.50422430732831,97.14352489906526,101.57413474259924,True,True
raw_nt4096,1,16113317,5,96.54570907166253,94.2678128534022,99.00176466077984,True,True
disabled64,1,50000000,5,100.42673788254336,93.7718279838554,103.4327246432534,True,True
disabled64,2,34529964,5,93.73479884432724,83.22975573122453,97.14655797916106,True,False
zeroed,1,41998345,5,98.3259383402089,94.70390861783822,101.39610734399098,True,True
reallocate,1,25337119,5,98.67352019927476,94.42729827191356,101.69318706506203,True,True
disabled64,16,30269347,5,96.25607163795843,91.7833646783065,101.59356887976581,True,True
shared,1,12748620,5,100.97107274937322,96.81416372530576,106.91272680938565,True,True
pmr_vector,1,1689395,5,99.89053701320628,96.24994418055225,103.63379357877808,True,True
