trial,backend,statistics,heap,requested_bytes,baseline_rss,live_rss,freed_rss,collected_rss,peak_rss
1,jemalloc,disabled,yes,67108864,4669440,78135296,78139392,11059200,78168064
1,jemalloc,basic,no,67108864,4567040,78065664,78069760,78069760,78135296
1,jemalloc,basic,yes,67108864,4677632,78155776,78159872,11079680,78188544
2,jemalloc,disabled,yes,67108864,4677632,78192640,78196736,11116544,78225408
2,jemalloc,basic,no,67108864,4579328,78049280,78053376,78053376,78118912
2,jemalloc,basic,yes,67108864,4677632,78188544,78192640,11112448,78221312
3,jemalloc,disabled,yes,67108864,4677632,78143488,78147584,11067392,78176256
3,jemalloc,basic,no,67108864,4567040,78024704,78028800,78028800,78090240
3,jemalloc,basic,yes,67108864,4669440,78168064,78172160,11091968,78200832
