trial,backend,path,bytes,samples,allocate_p50_ns,allocate_p95_ns,allocate_p99_ns,allocate_p999_ns,allocate_max_ns,free_p99_ns,clock_p50_ns
1,standard,basic,64,8192,40.0,41.0,41.0,60.0,231.0,41.0,30.0
1,standard,basic,4096,8192,40.0,50.0,51.0,51.0,240.0,51.0,30.0
1,standard,basic,65536,8192,40.0,50.0,51.0,51.0,15409.0,41.0,30.0
1,standard,basic,256,8192,40.0,41.0,41.0,51.0,12404.0,41.0,30.0
1,standard,basic,16,8192,40.0,41.0,41.0,51.0,18615.0,41.0,30.0
1,standard,native,4096,8192,40.0,41.0,41.0,60.0,420.0,41.0,30.0
1,standard,native,16,8192,30.0,40.0,41.0,41.0,70.0,41.0,30.0
1,standard,native,65536,8192,40.0,41.0,41.0,50.0,10349.0,41.0,30.0
1,standard,native,64,8192,30.0,40.0,41.0,41.0,60.0,41.0,30.0
1,standard,native,256,8192,30.0,40.0,41.0,50.0,180.0,41.0,30.0
2,standard,basic,16,8192,40.0,41.0,50.0,61.0,401.0,41.0,30.0
2,standard,basic,65536,8192,40.0,50.0,51.0,51.0,220.0,41.0,30.0
2,standard,native,4096,8192,40.0,41.0,41.0,41.0,80.0,41.0,30.0
2,standard,native,65536,8192,40.0,41.0,41.0,41.0,80.0,41.0,30.0
2,standard,basic,64,8192,40.0,41.0,41.0,50.0,10149.0,41.0,30.0
2,standard,basic,256,8192,40.0,41.0,41.0,80.0,201.0,41.0,30.0
2,standard,native,256,8192,31.0,40.0,41.0,41.0,121.0,41.0,30.0
2,standard,basic,4096,8192,40.0,50.0,51.0,51.0,191.0,50.0,30.0
2,standard,native,64,8192,30.0,40.0,41.0,41.0,11461.0,41.0,30.0
2,standard,native,16,8192,30.0,40.0,41.0,50.0,171.0,41.0,30.0
3,standard,native,64,8192,30.0,40.0,41.0,41.0,26370.0,41.0,30.0
3,standard,basic,16,8192,40.0,41.0,41.0,51.0,19697.0,41.0,30.0
3,standard,basic,64,8192,40.0,41.0,41.0,50.0,210.0,41.0,30.0
3,standard,native,16,8192,30.0,40.0,41.0,41.0,100.0,41.0,30.0
3,standard,basic,65536,8192,40.0,50.0,51.0,51.0,220.0,41.0,30.0
3,standard,native,65536,8192,40.0,41.0,41.0,41.0,14167.0,41.0,30.0
3,standard,basic,256,8192,40.0,40.0,41.0,41.0,211.0,41.0,30.0
3,standard,native,256,8192,30.0,40.0,41.0,51.0,90.0,41.0,30.0
3,standard,basic,4096,8192,40.0,50.0,51.0,51.0,230.0,41.0,30.0
3,standard,native,4096,8192,40.0,41.0,41.0,70.0,10991.0,41.0,30.0
