trial,backend,operation,operations,median_ns
1,mimalloc,owns,200000,7.427
1,mimalloc,collect,2000,726.7
1,mimalloc,reset,2000,6375
1,jemalloc,owns,200000,126.713
1,jemalloc,collect,2000,208.1
1,jemalloc,reset,2000,959.85
2,mimalloc,owns,200000,7.4665
2,mimalloc,collect,2000,731.2
2,mimalloc,reset,2000,6437
2,jemalloc,owns,200000,126.543
2,jemalloc,collect,2000,205.35
2,jemalloc,reset,2000,968.05
3,mimalloc,owns,200000,7.431
3,mimalloc,collect,2000,728.6
3,mimalloc,reset,2000,6405.8
3,jemalloc,owns,200000,128.702
3,jemalloc,collect,2000,231.942
3,jemalloc,reset,2000,1015.35
