trial,backend,path,bytes,repetitions,operations,min_ns,median_ns,max_ns
1,jemalloc,basic,65536,9,200000,280.915,287.039,371.842
1,jemalloc,native,16,9,200000,17.8197,17.9709,18.0754
1,mimalloc,basic,65536,9,200000,69.7022,69.933,70.7574
1,jemalloc,basic,256,9,200000,49.7559,50.1914,66.1391
1,standard,basic,16,9,200000,47.2799,47.522,47.9305
1,mimalloc,native,65536,9,200000,33.3862,33.741,53.5421
1,jemalloc,native,64,9,200000,17.9091,18.1377,23.0544
1,jemalloc,disabled,65536,9,200000,423.236,434.131,474.423
1,standard,basic,65536,9,200000,60.4771,61.6081,64.5607
1,standard,disabled,4096,9,200000,33.7751,34.5215,35.1249
1,mimalloc,disabled,16,9,200000,12.4009,12.7086,12.9469
1,jemalloc,disabled,4096,9,200000,29.3453,30.4184,50.226
1,mimalloc,basic,16,9,200000,36.6979,36.8918,37.4162
1,mimalloc,disabled,256,9,200000,14.677,14.8178,17.3561
1,standard,native,256,9,200000,16.7196,17.2727,17.908
1,standard,disabled,65536,9,200000,36.3052,36.8637,37.8544
1,standard,disabled,64,9,200000,21.3238,21.872,22.7316
1,jemalloc,native,65536,9,200000,368.553,377.672,455.163
1,mimalloc,native,64,9,200000,8.7515,8.83,9.2645
1,jemalloc,basic,4096,9,200000,47.1825,47.685,47.9945
1,jemalloc,basic,16,9,200000,43.641,43.9525,44.321
1,jemalloc,native,4096,9,200000,20.799,21.0355,21.2775
1,standard,disabled,256,9,200000,19.8345,20.155,20.4225
1,mimalloc,basic,4096,9,200000,57.837,58.172,71.526
1,mimalloc,disabled,65536,9,200000,32.9825,33.1715,36.1485
1,jemalloc,disabled,256,9,200000,22.1855,22.345,23.099
1,standard,basic,256,9,200000,43.7525,44.045,44.3575
1,jemalloc,disabled,64,9,200000,23.5565,24.0625,24.322
1,mimalloc,basic,64,9,200000,34.0715,34.328,50.038
1,standard,basic,4096,9,200000,54.051,54.639,54.82
1,jemalloc,basic,64,9,200000,43.9025,44.1045,45.0845
1,standard,native,65536,9,200000,29.6135,30.227,31.165
1,jemalloc,disabled,16,9,200000,21.915,22.1665,23.706
1,mimalloc,disabled,4096,9,200000,31.291,31.5615,54.003
1,mimalloc,basic,256,9,200000,28.0855,35.7615,36.1965
1,mimalloc,native,256,9,200000,9.2895,9.5865,9.7705
1,mimalloc,native,16,9,200000,8.50949,9.4615,14.6205
1,standard,basic,64,9,200000,43.7805,44.058,54.3135
1,jemalloc,native,256,9,200000,16.695,16.8405,17.979
1,standard,native,16,9,200000,15.4455,15.7255,16.1755
1,standard,disabled,16,9,200000,17.726,20.311,21.1505
1,mimalloc,native,4096,9,200000,29.6715,29.8555,30.3455
1,standard,native,64,9,200000,15.12,15.9285,16.6865
1,standard,native,4096,9,200000,25.727,27.674,29.518
1,mimalloc,disabled,64,9,200000,11.923,12.0635,12.7455
2,jemalloc,basic,65536,9,200000,401.059,408.11,450.065
2,jemalloc,native,16,9,200000,16.454,16.5965,16.894
2,mimalloc,basic,65536,9,200000,59.7675,60.0465,61.509
2,jemalloc,basic,256,9,200000,44.1755,44.3855,44.7795
2,standard,basic,16,9,200000,38.2655,43.9695,60.219
2,mimalloc,native,65536,9,200000,27.138,31.129,32.0135
2,jemalloc,native,64,9,200000,16.389,16.725,28.0245
2,jemalloc,disabled,65536,9,200000,392.759,397.18,437.855
2,standard,basic,65536,9,200000,54.283,56.182,56.87
2,standard,disabled,4096,9,200000,31.711,32.09,32.466
2,mimalloc,disabled,16,9,200000,11.6605,11.804,14.1105
2,jemalloc,disabled,4096,9,200000,26.6255,27.247,35.11
2,mimalloc,basic,16,9,200000,34.799,35.2755,36.855
2,mimalloc,disabled,256,9,200000,13.5235,13.662,13.983
2,standard,native,256,9,200000,15.42,15.722,16.2865
2,standard,disabled,65536,9,200000,33.9325,34.522,35.487
2,standard,disabled,64,9,200000,20.8015,21.024,21.4785
2,jemalloc,native,65536,9,200000,375.851,379.757,402.451
2,mimalloc,native,64,9,200000,8.918,9.0655,9.3275
2,jemalloc,basic,4096,9,200000,47.0835,47.9495,48.692
2,jemalloc,basic,16,9,200000,43.9115,44.2455,45.468
2,jemalloc,native,4096,9,200000,20.8635,21.0865,21.3125
2,standard,disabled,256,9,200000,19.966,20.4955,34.083
2,mimalloc,basic,4096,9,200000,58.0625,58.2325,66.2365
2,mimalloc,disabled,65536,9,200000,33.0445,33.317,33.586
2,jemalloc,disabled,256,9,200000,21.948,22.3305,23.219
2,standard,basic,256,9,200000,43.774,44.086,44.351
2,jemalloc,disabled,64,9,200000,24.0245,24.5852,25.4009
2,mimalloc,basic,64,9,200000,36.9384,37.0646,37.525
2,standard,basic,4096,9,200000,61.1385,61.4375,63.1118
2,jemalloc,basic,64,9,200000,47.84,48.1791,51.1046
2,standard,native,65536,9,200000,32.1961,33.9706,35.5171
2,jemalloc,disabled,16,9,200000,25.084,25.408,26.098
2,mimalloc,disabled,4096,9,200000,33.8547,34.1396,34.6629
2,mimalloc,basic,256,9,200000,37.8365,38.4979,38.8581
2,mimalloc,native,256,9,200000,10.2353,10.3848,11.2927
2,mimalloc,native,16,9,200000,8.99546,9.33563,9.80904
2,standard,basic,64,9,200000,47.3314,47.6542,73.3211
2,jemalloc,native,256,9,200000,18.1041,18.265,18.5759
2,standard,native,16,9,200000,16.6687,17.2488,17.7824
2,standard,disabled,16,9,200000,21.717,21.8747,22.2636
2,mimalloc,native,4096,9,200000,32.2183,32.5704,32.8299
2,standard,native,64,9,200000,16.8426,17.089,18.3062
2,standard,native,4096,9,200000,29.0431,30.3512,31.8608
2,mimalloc,disabled,64,9,200000,12.7752,13.1029,13.4057
3,jemalloc,basic,65536,9,200000,283.004,285.834,388.615
3,jemalloc,native,16,9,200000,17.758,17.9243,18.3479
3,mimalloc,basic,65536,9,200000,60.4478,64.9328,81.0068
3,jemalloc,basic,256,9,200000,45.6506,48.2739,52.8336
3,standard,basic,16,9,200000,47.4083,47.5123,47.8118
3,mimalloc,native,65536,9,200000,33.3856,33.631,35.1493
3,jemalloc,native,64,9,200000,17.8143,18.0998,18.6756
3,jemalloc,disabled,65536,9,200000,414.316,422.078,440.254
3,standard,basic,65536,9,200000,54.2105,57.8023,59.1614
3,standard,disabled,4096,9,200000,29.8789,34.4646,36.7813
3,mimalloc,disabled,16,9,200000,10.5051,12.6696,12.8299
3,jemalloc,disabled,4096,9,200000,24.8132,29.5024,30.3046
3,mimalloc,basic,16,9,200000,36.5582,36.9563,37.4996
3,mimalloc,disabled,256,9,200000,14.5903,14.852,15.0166
3,standard,native,256,9,200000,16.5842,17.4249,17.8116
3,standard,disabled,65536,9,200000,33.7115,34.5505,37.1285
3,standard,disabled,64,9,200000,19.9365,20.43,30.877
3,jemalloc,native,65536,9,200000,390.61,406.686,433.635
3,mimalloc,native,64,9,200000,8.7095,9.0325,9.976
3,jemalloc,basic,4096,9,200000,47.463,48.122,63.197
3,jemalloc,basic,16,9,200000,44.1635,44.558,57.199
3,jemalloc,native,4096,9,200000,20.7775,20.9065,21.755
3,standard,disabled,256,9,200000,19.9055,20.423,31.194
3,mimalloc,basic,4096,9,200000,56.8665,57.9125,77.835
3,mimalloc,disabled,65536,9,200000,32.7165,33.019,34.2905
3,jemalloc,disabled,256,9,200000,22.1215,22.526,23.0115
3,standard,basic,256,9,200000,43.727,43.961,56.942
3,jemalloc,disabled,64,9,200000,21.76,22.4185,23.8955
3,mimalloc,basic,64,9,200000,28.8515,33.99,34.436
3,standard,basic,4096,9,200000,45.6895,52.085,53.1165
3,jemalloc,basic,64,9,200000,36.5695,44.145,45.055
3,standard,native,65536,9,200000,30.2905,31.4415,32.581
3,jemalloc,disabled,16,9,200000,22.1685,22.5695,23.2835
3,mimalloc,disabled,4096,9,200000,27.0335,31.2195,32.0585
3,mimalloc,basic,256,9,200000,33.6025,35.5015,35.887
3,mimalloc,native,256,9,200000,9.383,9.5615,9.6985
3,mimalloc,native,16,9,200000,8.4705,8.6425,8.977
3,standard,basic,64,9,200000,43.8185,43.9435,44.658
3,jemalloc,native,256,9,200000,16.562,16.7065,17.4195
3,standard,native,16,9,200000,12.8415,15.728,16.166
3,standard,disabled,16,9,200000,19.5725,20.627,34.2865
3,mimalloc,native,4096,9,200000,24.675,29.558,29.9005
3,standard,native,64,9,200000,15.0675,15.754,15.9745
3,standard,native,4096,9,200000,25.053,28.0975,35.294
3,mimalloc,disabled,64,9,200000,11.9085,12.2,13.1155
