trial,backend,workload,elapsed_seconds,user_seconds,system_seconds,peak_rss_kib,exit_code
1,standard,rptest,16.321976499,0.65,0.49,11520,0
1,standard,malloc-large,3.42751239,2.34,1.01,534160,0
1,jemalloc,espresso,5.453391828,5.24,0.02,4800,0
1,jemalloc,larson-sized,7.239892212,19.53,0.24,27840,0
1,mimalloc,mleak,0.114609346,0.01,0.06,5224,0
1,jemalloc,rptest,16.323676257,0.58,0.29,20188,0
1,mimalloc,cache-scratch,0.435368528,1.52,0.00,8208,0
1,mimalloc,larson,7.115999504,19.17,0.14,35340,0
1,jemalloc,malloc-large,14.886957702,1.52,12.83,438372,0
1,standard,barnes,2.48260123,2.38,0.02,57600,0
1,standard,xmalloc-test,5.03639863,25.49,0.97,3840,0
1,standard,glibc-simple,3.908561254,3.66,0.00,960,0
1,jemalloc,mleak,0.11524393,0.00,0.06,3840,0
1,jemalloc,barnes,2.488239421,2.30,0.03,59520,0
1,mimalloc,rptest,16.340619971,0.46,0.42,30832,0
1,mimalloc,larson-sized,7.120292136,19.24,0.13,35256,0
1,jemalloc,larson,7.124320614,18.94,0.31,26880,0
1,standard,malloc-large-old,0.008381237,0.00,0.00,2880,0
1,jemalloc,glibc-thread,2.118008719,7.97,0.00,3840,0
1,standard,cache-scratch,0.434490771,1.43,0.00,2880,0
1,jemalloc,cache-scratch,0.431348083,1.42,0.00,3840,0
1,mimalloc,cfrac,4.546907874,4.41,0.00,6196,0
1,jemalloc,glibc-simple,2.376825007,2.29,0.00,3840,0
1,jemalloc,mstress,0.528401662,0.46,0.44,51092,0
1,jemalloc,malloc-large-old,0.007734079,0.00,0.00,3840,0
1,standard,cache-thrash,0.423732482,1.47,0.00,2880,0
1,mimalloc,glibc-simple,2.030018461,1.90,0.01,5224,0
1,mimalloc,malloc-large-old,0.007905531,0.00,0.00,7248,0
1,mimalloc,xmalloc-test,5.05611526,20.49,4.27,54400,0
1,jemalloc,cache-thrash,0.377823604,1.40,0.00,3840,0
1,standard,mleak,0.115162025,0.00,0.06,960,0
1,mimalloc,glibc-thread,2.094640217,7.94,0.00,15560,0
1,mimalloc,malloc-large,2.812869738,2.25,0.45,609436,0
1,standard,larson-sized,7.193609973,19.35,0.16,27840,0
1,jemalloc,alloc-test,4.623724763,15.45,0.01,12480,0
1,mimalloc,cache-thrash,0.431781856,1.41,0.00,8208,0
1,mimalloc,mstress,0.276139451,0.30,0.07,140436,0
1,mimalloc,espresso,5.583070071,5.34,0.03,12332,0
1,standard,glibc-thread,2.0653142,7.87,0.00,960,0
1,standard,mstress,0.320638125,0.47,0.05,68440,0
1,jemalloc,xmalloc-test,6.171813247,34.81,3.22,48716,0
1,jemalloc,cfrac,4.479597023,4.36,0.00,4800,0
1,standard,cfrac,4.898937823,4.52,0.00,2880,0
1,standard,alloc-test,4.971098442,19.19,0.02,10560,0
1,mimalloc,barnes,2.500006613,2.36,0.03,66508,0
1,standard,espresso,6.123866414,5.85,0.03,960,0
1,standard,larson,7.164161624,19.61,0.14,27840,0
1,mimalloc,alloc-test,3.843088974,14.52,0.01,20664,0
2,standard,rptest,16.379253535,0.64,0.54,13520,0
2,standard,malloc-large,3.549956525,2.34,1.05,534148,0
2,jemalloc,espresso,5.558682514,5.36,0.01,4800,0
2,jemalloc,larson-sized,7.192318743,19.49,0.30,25920,0
2,mimalloc,mleak,0.115188931,0.01,0.05,5224,0
2,jemalloc,rptest,16.465540926,0.49,0.41,23752,0
2,mimalloc,cache-scratch,0.428150445,1.42,0.00,8212,0
2,mimalloc,larson,7.19686556,19.48,0.13,34268,0
2,jemalloc,malloc-large,15.283961702,1.50,13.25,438764,0
2,standard,barnes,2.556399772,2.37,0.04,57600,0
2,standard,xmalloc-test,5.046986962,25.31,1.11,6720,0
2,standard,glibc-simple,3.982657558,3.81,0.00,960,0
2,jemalloc,mleak,0.115133881,0.01,0.05,3840,0
2,jemalloc,barnes,2.503476978,2.37,0.02,59520,0
2,mimalloc,rptest,16.28274788,0.49,0.39,47696,0
2,mimalloc,larson-sized,7.154989152,19.27,0.12,35240,0
2,jemalloc,larson,7.087116494,18.80,0.27,24000,0
2,standard,malloc-large-old,0.00380302,0.00,0.00,2880,0
2,jemalloc,glibc-thread,2.022070877,7.80,0.00,3840,0
2,standard,cache-scratch,0.426462522,1.47,0.00,2880,0
2,jemalloc,cache-scratch,0.425696734,1.45,0.00,3840,0
2,mimalloc,cfrac,4.5005969,4.32,0.00,6196,0
2,jemalloc,glibc-simple,2.390549617,2.30,0.00,3840,0
2,jemalloc,mstress,0.529693632,0.39,0.39,49624,0
2,jemalloc,malloc-large-old,0.008101175,0.00,0.00,3840,0
2,standard,cache-thrash,0.427093562,1.44,0.00,2880,0
2,mimalloc,glibc-simple,1.984513181,1.89,0.00,5224,0
2,mimalloc,malloc-large-old,0.008158767,0.00,0.00,7248,0
2,mimalloc,xmalloc-test,5.051035248,20.59,4.19,54404,0
2,jemalloc,cache-thrash,0.433782647,1.40,0.00,3840,0
2,standard,mleak,0.115295202,0.00,0.05,960,0
2,mimalloc,glibc-thread,2.130039317,7.96,0.01,15560,0
2,mimalloc,malloc-large,2.922455593,2.30,0.41,609440,0
2,standard,larson-sized,7.103242624,19.50,0.12,27840,0
2,jemalloc,alloc-test,3.832834565,14.72,0.01,11520,0
2,mimalloc,cache-thrash,0.423680125,1.43,0.00,8208,0
2,mimalloc,mstress,0.270475311,0.28,0.08,152728,0
2,mimalloc,espresso,5.346232643,5.20,0.00,12332,0
2,standard,glibc-thread,2.012527272,7.80,0.00,960,0
2,standard,mstress,0.320936747,0.46,0.07,76364,0
2,jemalloc,xmalloc-test,5.024324668,27.89,2.72,48124,0
2,jemalloc,cfrac,4.566021265,4.37,0.00,4800,0
2,standard,cfrac,4.734923033,4.51,0.00,2880,0
2,standard,alloc-test,4.895746262,18.84,0.01,10560,0
2,mimalloc,barnes,2.510646349,2.35,0.03,66508,0
2,standard,espresso,6.009219869,5.72,0.01,1920,0
2,standard,larson,7.22669975,19.16,0.10,27840,0
2,mimalloc,alloc-test,3.77880127,14.32,0.01,20660,0
3,standard,rptest,16.389838746,0.61,0.52,12480,0
3,standard,malloc-large,3.376995079,2.27,1.02,534192,0
3,jemalloc,espresso,5.410535526,5.16,0.03,3840,0
3,jemalloc,larson-sized,7.145091062,19.26,0.27,27840,0
3,mimalloc,mleak,0.115423247,0.02,0.05,5224,0
3,jemalloc,rptest,16.423383724,0.57,0.32,23396,0
3,mimalloc,cache-scratch,0.428418369,1.44,0.00,8208,0
3,mimalloc,larson,7.106603676,19.45,0.09,35240,0
3,jemalloc,malloc-large,15.488060758,1.55,13.31,438660,0
3,standard,barnes,2.469593181,2.31,0.03,57600,0
3,standard,xmalloc-test,5.030270886,31.80,1.15,47272,0
3,standard,glibc-simple,3.91951411,3.72,0.00,960,0
3,jemalloc,mleak,0.115995476,0.01,0.05,3840,0
3,jemalloc,barnes,2.558257702,2.39,0.03,59520,0
3,mimalloc,rptest,16.502487244,0.51,0.37,32884,0
3,mimalloc,larson-sized,7.110299729,18.90,0.14,35256,0
3,jemalloc,larson,7.11635216,19.34,0.20,26880,0
3,standard,malloc-large-old,0.008235046,0.00,0.00,2880,0
3,jemalloc,glibc-thread,2.089223478,7.95,0.00,3840,0
3,standard,cache-scratch,0.428652956,1.50,0.00,2880,0
3,jemalloc,cache-scratch,0.429260497,1.43,0.00,3840,0
3,mimalloc,cfrac,4.943901941,4.73,0.00,6196,0
3,jemalloc,glibc-simple,2.404193751,2.26,0.00,3840,0
3,jemalloc,mstress,0.532615517,0.39,0.45,48260,0
3,jemalloc,malloc-large-old,0.008033688,0.00,0.00,3840,0
3,standard,cache-thrash,0.376827726,1.40,0.00,2880,0
3,mimalloc,glibc-simple,2.037417667,1.91,0.00,5224,0
3,mimalloc,malloc-large-old,0.0165313,0.00,0.00,8208,0
3,mimalloc,xmalloc-test,5.048868203,20.71,4.06,54404,0
3,jemalloc,cache-thrash,0.377052216,1.40,0.00,3840,0
3,standard,mleak,0.115704941,0.00,0.06,960,0
3,mimalloc,glibc-thread,2.092850938,7.87,0.01,15556,0
3,mimalloc,malloc-large,2.822582341,2.28,0.40,609436,0
3,standard,larson-sized,7.161666465,19.29,0.11,27840,0
3,jemalloc,alloc-test,3.856958188,14.73,0.00,11520,0
3,mimalloc,cache-thrash,0.429341037,1.46,0.00,8208,0
3,mimalloc,mstress,0.273674988,0.30,0.09,107664,0
3,mimalloc,espresso,5.67294712,5.41,0.02,12332,0
3,standard,glibc-thread,2.092033028,7.93,0.00,960,0
3,standard,mstress,0.323690138,0.45,0.06,76892,0
3,jemalloc,xmalloc-test,5.063831566,28.12,2.80,52712,0
3,jemalloc,cfrac,4.548342266,4.34,0.00,4800,0
3,standard,cfrac,4.808162384,4.57,0.00,2880,0
3,standard,alloc-test,5.008178733,19.04,0.01,10560,0
3,mimalloc,barnes,2.561949913,2.40,0.03,66508,0
3,standard,espresso,5.886909644,5.63,0.01,1920,0
3,standard,larson,7.227145853,19.26,0.12,27840,0
3,mimalloc,alloc-test,3.906442553,14.39,0.01,20660,0
