trial,backend,path,workload,bytes,threads,operations,seconds,operations_per_second,baseline_rss,final_rss,peak_rss
1,mimalloc,basic,same_thread,4096,16,65536,0.0259885,2.52173e+06,4980736,69709824,69873664
1,mimalloc,native,handoff,65536,16,65536,0.24295,269751,5066752,557481984,557649920
1,mimalloc,native,same_thread,4096,16,65536,0.0240782,2.7218e+06,4976640,69726208,69865472
1,mimalloc,native,handoff,65536,8,32768,0.125654,260781,4763648,279842816,279883776
1,mimalloc,native,handoff,65536,4,16384,0.0574239,285317,4620288,153653248,153653248
1,mimalloc,native,same_thread,4096,1,4096,0.0017157,2.38736e+06,4431872,6639616,6639616
1,mimalloc,basic,same_thread,4096,2,8192,0.0024247,3.37856e+06,4485120,8830976,8830976
1,mimalloc,basic,same_thread,64,2,8192,0.0005015,1.6335e+07,4485120,4632576,4632576
1,mimalloc,native,handoff,64,16,65536,0.0021476,3.05159e+07,5066752,5386240,5550080
1,mimalloc,basic,handoff,4096,2,8192,0.0024702,3.31633e+06,4481024,8896512,8896512
1,mimalloc,native,same_thread,64,1,4096,0.0001381,2.96597e+07,4464640,4603904,4603904
1,mimalloc,basic,same_thread,4096,1,4096,0.0014206,2.88329e+06,4448256,6656000,6656000
1,mimalloc,basic,same_thread,65536,16,65536,0.24692,265414,5066752,557477888,557645824
1,mimalloc,native,same_thread,65536,1,4096,0.0282679,144899,4509696,53088256,53088256
1,mimalloc,native,handoff,64,1,4096,0.0001485,2.75825e+07,4444160,4575232,4575232
1,mimalloc,native,same_thread,64,8,32768,0.0012828,2.55441e+07,4739072,4960256,4993024
1,mimalloc,basic,handoff,65536,2,8192,0.0331768,246920,4542464,78327808,78327808
1,mimalloc,basic,handoff,4096,1,4096,0.0016511,2.48077e+06,4448256,6656000,6656000
1,mimalloc,basic,handoff,65536,1,4096,0.0295521,138603,4509696,53092352,53092352
1,mimalloc,native,same_thread,65536,8,32768,0.127087,257839,4759552,279838720,279875584
1,mimalloc,native,handoff,4096,2,8192,0.0026122,3.13605e+06,4476928,8826880,8826880
1,mimalloc,basic,same_thread,64,4,16384,0.0010165,1.61181e+07,4575232,4743168,4743168
1,mimalloc,native,handoff,4096,4,16384,0.0047143,3.47538e+06,4546560,13254656,13254656
1,mimalloc,native,handoff,65536,2,8192,0.0350973,233408,4546560,78331904,78331904
1,mimalloc,basic,same_thread,65536,8,32768,0.123235,265898,4767744,279846912,279887872
1,mimalloc,basic,handoff,64,8,32768,0.0020738,1.58009e+07,4734976,4956160,4988928
1,mimalloc,native,same_thread,65536,16,65536,0.244194,268376,5066752,557481984,557645824
1,mimalloc,basic,same_thread,64,1,4096,0.0001826,2.24315e+07,4440064,4579328,4579328
1,mimalloc,basic,same_thread,4096,4,16384,0.004361,3.75694e+06,4542464,13180928,13180928
1,mimalloc,basic,handoff,64,4,16384,0.0011555,1.41791e+07,4558848,4730880,4730880
1,mimalloc,native,same_thread,64,16,65536,0.0023351,2.80656e+07,5054464,5382144,5537792
1,mimalloc,basic,handoff,65536,8,32768,0.115286,284233,4763648,279842816,279883776
1,mimalloc,native,same_thread,4096,8,32768,0.0068257,4.80068e+06,4718592,21692416,21716992
1,mimalloc,basic,same_thread,65536,2,8192,0.0345831,236879,4550656,78344192,78344192
1,mimalloc,native,same_thread,64,2,8192,0.0002823,2.90188e+07,4485120,4628480,4628480
1,mimalloc,basic,handoff,64,16,65536,0.0039065,1.67761e+07,5062656,5382144,5545984
1,mimalloc,basic,same_thread,64,8,32768,0.0019961,1.6416e+07,4739072,4964352,4993024
1,mimalloc,basic,handoff,4096,4,16384,0.004707,3.48077e+06,4546560,13189120,13189120
1,mimalloc,native,same_thread,4096,2,8192,0.0025198,3.25105e+06,4476928,8753152,8753152
1,mimalloc,basic,same_thread,65536,4,16384,0.060197,272173,4620288,154042368,154042368
1,mimalloc,basic,same_thread,65536,1,4096,0.0308711,132681,4509696,53088256,53088256
1,mimalloc,native,same_thread,65536,4,16384,0.062644,261541,4612096,154034176,154034176
1,mimalloc,native,handoff,4096,1,4096,0.0015339,2.67032e+06,4444160,6651904,6651904
1,mimalloc,native,handoff,64,4,16384,0.0007907,2.07209e+07,4567040,4734976,4734976
1,mimalloc,native,handoff,4096,16,65536,0.0233005,2.81264e+06,4993024,69656576,69820416
1,mimalloc,basic,handoff,65536,16,65536,0.239415,273734,5066752,557481984,557645824
1,mimalloc,basic,handoff,64,2,8192,0.0004869,1.68248e+07,4485120,4636672,4636672
1,mimalloc,basic,handoff,4096,8,32768,0.0088411,3.70633e+06,4669440,21647360,21671936
1,mimalloc,native,same_thread,4096,4,16384,0.0044169,3.70939e+06,4562944,13336576,13336576
1,mimalloc,native,same_thread,64,4,16384,0.0008243,1.98763e+07,4571136,4743168,4743168
1,mimalloc,basic,handoff,64,1,4096,0.0001739,2.35538e+07,4456448,4595712,4595712
1,mimalloc,basic,handoff,4096,16,65536,0.0245518,2.6693e+06,4984832,69713920,69873664
1,mimalloc,native,handoff,64,8,32768,0.0013231,2.47661e+07,4730880,4952064,4984832
1,mimalloc,basic,same_thread,64,16,65536,0.0049584,1.32172e+07,5054464,5373952,5537792
1,mimalloc,basic,handoff,65536,4,16384,0.0625412,261971,4616192,154038272,154038272
1,mimalloc,basic,same_thread,4096,8,32768,0.0082278,3.9826e+06,4706304,21667840,21704704
1,mimalloc,native,handoff,64,2,8192,0.0003571,2.29404e+07,4501504,4653056,4653056
1,mimalloc,native,handoff,65536,1,4096,0.0262783,155870,4497408,53080064,53080064
1,mimalloc,native,same_thread,65536,2,8192,0.0298861,274107,4534272,78319616,78319616
1,mimalloc,native,handoff,4096,8,32768,0.007092,4.62042e+06,4677632,21716992,21745664
2,mimalloc,basic,same_thread,4096,16,65536,0.0184081,3.56017e+06,4997120,69726208,69890048
2,mimalloc,native,handoff,65536,16,65536,0.228762,286481,5066752,557477888,557645824
2,mimalloc,native,same_thread,4096,16,65536,0.021607,3.03309e+06,4980736,69709824,69869568
2,mimalloc,native,handoff,65536,8,32768,0.12135,270029,4771840,279855104,279887872
2,mimalloc,native,handoff,65536,4,16384,0.0615484,266197,4624384,154046464,154046464
2,mimalloc,native,same_thread,4096,1,4096,0.0017086,2.39728e+06,4448256,6656000,6656000
2,mimalloc,basic,same_thread,4096,2,8192,0.0025817,3.1731e+06,4505600,8781824,8781824
2,mimalloc,basic,same_thread,64,2,8192,0.0005049,1.6225e+07,4501504,4648960,4648960
2,mimalloc,native,handoff,64,16,65536,0.0021309,3.07551e+07,5070848,5398528,5554176
2,mimalloc,basic,handoff,4096,2,8192,0.0025394,3.22596e+06,4489216,8843264,8843264
2,mimalloc,native,same_thread,64,1,4096,0.0001383,2.96168e+07,4472832,4612096,4612096
2,mimalloc,basic,same_thread,4096,1,4096,0.0014778,2.77169e+06,4444160,6643712,6643712
2,mimalloc,basic,same_thread,65536,16,65536,0.249275,262906,5062656,557481984,557645824
2,mimalloc,native,same_thread,65536,1,4096,0.0289487,141492,4493312,53080064,53080064
2,mimalloc,native,handoff,64,1,4096,0.0001471,2.7845e+07,4464640,4603904,4603904
2,mimalloc,native,same_thread,64,8,32768,0.001426,2.2979e+07,4734976,4956160,4988928
2,mimalloc,basic,handoff,65536,2,8192,0.0374984,218463,4530176,78319616,78319616
2,mimalloc,basic,handoff,4096,1,4096,0.0016665,2.45785e+06,4456448,6664192,6664192
2,mimalloc,basic,handoff,65536,1,4096,0.0273454,149788,4526080,53108736,53108736
2,mimalloc,native,same_thread,65536,8,32768,0.116287,281787,4747264,279834624,279863296
2,mimalloc,native,handoff,4096,2,8192,0.002531,3.23667e+06,4472832,8749056,8749056
2,mimalloc,basic,same_thread,64,4,16384,0.0010954,1.49571e+07,4583424,4751360,4751360
2,mimalloc,native,handoff,4096,4,16384,0.0044834,3.65437e+06,4554752,13393920,13393920
2,mimalloc,native,handoff,65536,2,8192,0.036102,226913,4542464,78331904,78331904
2,mimalloc,basic,same_thread,65536,8,32768,0.123866,264545,4771840,279846912,279887872
2,mimalloc,basic,handoff,64,8,32768,0.0024148,1.35697e+07,4747264,4972544,5001216
2,mimalloc,native,same_thread,65536,16,65536,0.23769,275720,5058560,557481984,557637632
2,mimalloc,basic,same_thread,64,1,4096,0.0002405,1.70312e+07,4464640,4603904,4603904
2,mimalloc,basic,same_thread,4096,4,16384,0.0047832,3.42532e+06,4558848,13262848,13262848
2,mimalloc,basic,handoff,64,4,16384,0.0011588,1.41388e+07,4567040,4739072,4739072
2,mimalloc,native,same_thread,64,16,65536,0.0022311,2.93739e+07,5066752,5390336,5550080
2,mimalloc,basic,handoff,65536,8,32768,0.123308,265741,4775936,279859200,279891968
2,mimalloc,native,same_thread,4096,8,32768,0.0081477,4.02175e+06,4698112,21667840,21696512
2,mimalloc,basic,same_thread,65536,2,8192,0.0359655,227774,4554752,78336000,78336000
2,mimalloc,native,same_thread,64,2,8192,0.0002947,2.77978e+07,4481024,4628480,4628480
2,mimalloc,basic,handoff,64,16,65536,0.0053004,1.23643e+07,5062656,5386240,5545984
2,mimalloc,basic,same_thread,64,8,32768,0.0022259,1.47212e+07,4734976,4960256,4988928
2,mimalloc,basic,handoff,4096,4,16384,0.0044694,3.66582e+06,4542464,13185024,13185024
2,mimalloc,native,same_thread,4096,2,8192,0.0026483,3.09331e+06,4481024,8957952,8957952
2,mimalloc,basic,same_thread,65536,4,16384,0.0613079,267241,4616192,154042368,154042368
2,mimalloc,basic,same_thread,65536,1,4096,0.0259228,158008,4505600,53084160,53084160
2,mimalloc,native,same_thread,65536,4,16384,0.0597996,273982,4632576,154054656,154054656
2,mimalloc,native,handoff,4096,1,4096,0.0016297,2.51335e+06,4448256,6647808,6647808
2,mimalloc,native,handoff,64,4,16384,0.0008791,1.86372e+07,4583424,4755456,4755456
2,mimalloc,native,handoff,4096,16,65536,0.0239967,2.73104e+06,5005312,69599232,69767168
2,mimalloc,basic,handoff,65536,16,65536,0.245636,266801,5087232,557502464,557670400
2,mimalloc,basic,handoff,64,2,8192,0.0007314,1.12004e+07,4505600,4657152,4657152
2,mimalloc,basic,handoff,4096,8,32768,0.0089692,3.65339e+06,4694016,21790720,21823488
2,mimalloc,native,same_thread,4096,4,16384,0.0044707,3.66475e+06,4546560,13320192,13320192
2,mimalloc,native,same_thread,64,4,16384,0.0008204,1.99707e+07,4579328,4747264,4747264
2,mimalloc,basic,handoff,64,1,4096,0.0001976,2.07287e+07,4456448,4595712,4595712
2,mimalloc,basic,handoff,4096,16,65536,0.0265072,2.47238e+06,4993024,69718016,69881856
2,mimalloc,native,handoff,64,8,32768,0.001389,2.35911e+07,4722688,4943872,4976640
2,mimalloc,basic,same_thread,64,16,65536,0.0051998,1.26036e+07,5062656,5386240,5545984
2,mimalloc,basic,handoff,65536,4,16384,0.0625735,261836,4636672,153665536,153665536
2,mimalloc,basic,same_thread,4096,8,32768,0.0093566,3.50213e+06,4702208,21606400,21639168
2,mimalloc,native,handoff,64,2,8192,0.0002759,2.96919e+07,4489216,4644864,4644864
2,mimalloc,native,handoff,65536,1,4096,0.0309496,132344,4517888,53100544,53100544
2,mimalloc,native,same_thread,65536,2,8192,0.0346147,236662,4546560,78327808,78327808
2,mimalloc,native,handoff,4096,8,32768,0.0082938,3.9509e+06,4694016,21594112,21626880
3,mimalloc,basic,same_thread,4096,16,65536,0.0201557,3.25149e+06,4997120,69599232,69754880
3,mimalloc,native,handoff,65536,16,65536,0.23267,281669,5070848,557481984,557649920
3,mimalloc,native,same_thread,4096,16,65536,0.0201146,3.25813e+06,4993024,69591040,69754880
3,mimalloc,native,handoff,65536,8,32768,0.119738,273665,4763648,279851008,279883776
3,mimalloc,native,handoff,65536,4,16384,0.0566114,289412,4632576,154058752,154058752
3,mimalloc,native,same_thread,4096,1,4096,0.0014511,2.82269e+06,4468736,6676480,6676480
3,mimalloc,basic,same_thread,4096,2,8192,0.0028367,2.88786e+06,4481024,8757248,8757248
3,mimalloc,basic,same_thread,64,2,8192,0.0007034,1.16463e+07,4489216,4640768,4640768
3,mimalloc,native,handoff,64,16,65536,0.0022284,2.94094e+07,5079040,5398528,5562368
3,mimalloc,basic,handoff,4096,2,8192,0.0023553,3.47811e+06,4485120,8843264,8843264
3,mimalloc,native,same_thread,64,1,4096,0.0001605,2.55202e+07,4460544,4599808,4599808
3,mimalloc,basic,same_thread,4096,1,4096,0.0012995,3.15198e+06,4435968,6639616,6639616
3,mimalloc,basic,same_thread,65536,16,65536,0.232959,281320,5066752,557486080,557649920
3,mimalloc,native,same_thread,65536,1,4096,0.029255,140010,4493312,53080064,53080064
3,mimalloc,native,handoff,64,1,4096,0.0001674,2.44683e+07,4452352,4583424,4583424
3,mimalloc,native,same_thread,64,8,32768,0.0014152,2.31543e+07,4751360,4968448,5005312
3,mimalloc,basic,handoff,65536,2,8192,0.0351594,232996,4542464,78336000,78336000
3,mimalloc,basic,handoff,4096,1,4096,0.0016473,2.48649e+06,4440064,6647808,6647808
3,mimalloc,basic,handoff,65536,1,4096,0.0305697,133989,4509696,53096448,53096448
3,mimalloc,native,same_thread,65536,8,32768,0.122126,268312,4771840,279846912,279887872
3,mimalloc,native,handoff,4096,2,8192,0.0028429,2.88156e+06,4476928,8757248,8757248
3,mimalloc,basic,same_thread,64,4,16384,0.0010277,1.59424e+07,4571136,4739072,4739072
3,mimalloc,native,handoff,4096,4,16384,0.0045817,3.57597e+06,4562944,13135872,13135872
3,mimalloc,native,handoff,65536,2,8192,0.0345591,237043,4534272,78319616,78319616
3,mimalloc,basic,same_thread,65536,8,32768,0.121402,269914,4759552,279851008,279875584
3,mimalloc,basic,handoff,64,8,32768,0.0020605,1.59029e+07,4734976,4952064,4988928
3,mimalloc,native,same_thread,65536,16,65536,0.232837,281467,5066752,557486080,557645824
3,mimalloc,basic,same_thread,64,1,4096,0.0001732,2.3649e+07,4456448,4595712,4595712
3,mimalloc,basic,same_thread,4096,4,16384,0.0040919,4.00401e+06,4567040,13275136,13275136
3,mimalloc,basic,handoff,64,4,16384,0.0012866,1.27343e+07,4571136,4739072,4739072
3,mimalloc,native,same_thread,64,16,65536,0.0023534,2.78474e+07,5054464,5386240,5537792
3,mimalloc,basic,handoff,65536,8,32768,0.123997,264265,4755456,279842816,279871488
3,mimalloc,native,same_thread,4096,8,32768,0.0080134,4.08915e+06,4689920,21659648,21688320
3,mimalloc,basic,same_thread,65536,2,8192,0.0337108,243008,4530176,78319616,78319616
3,mimalloc,native,same_thread,64,2,8192,0.0002771,2.95633e+07,4489216,4632576,4632576
3,mimalloc,basic,handoff,64,16,65536,0.0050135,1.30719e+07,5050368,5382144,5533696
3,mimalloc,basic,same_thread,64,8,32768,0.0021972,1.49135e+07,4730880,4947968,4984832
3,mimalloc,basic,handoff,4096,4,16384,0.0049324,3.32171e+06,4554752,13258752,13258752
3,mimalloc,native,same_thread,4096,2,8192,0.0023184,3.53347e+06,4485120,8830976,8830976
3,mimalloc,basic,same_thread,65536,4,16384,0.0597103,274392,4628480,153661440,153661440
3,mimalloc,basic,same_thread,65536,1,4096,0.031132,131569,4505600,53092352,53092352
3,mimalloc,native,same_thread,65536,4,16384,0.0605575,270553,4608000,154030080,154030080
3,mimalloc,native,handoff,4096,1,4096,0.0018127,2.25961e+06,4440064,6647808,6647808
3,mimalloc,native,handoff,64,4,16384,0.0008202,1.99756e+07,4579328,4747264,4747264
3,mimalloc,native,handoff,4096,16,65536,0.0240669,2.72308e+06,4984832,69713920,69873664
3,mimalloc,basic,handoff,65536,16,65536,0.248321,263917,5066752,557481984,557645824
3,mimalloc,basic,handoff,64,2,8192,0.0004824,1.69818e+07,4493312,4640768,4640768
3,mimalloc,basic,handoff,4096,8,32768,0.0079465,4.12358e+06,4706304,21606400,21639168
3,mimalloc,native,same_thread,4096,4,16384,0.0041021,3.99405e+06,4562944,13336576,13336576
3,mimalloc,native,same_thread,64,4,16384,0.0007644,2.14338e+07,4579328,4747264,4747264
3,mimalloc,basic,handoff,64,1,4096,0.0002001,2.04698e+07,4448256,4587520,4587520
3,mimalloc,basic,handoff,4096,16,65536,0.0244212,2.68357e+06,4997120,69726208,69885952
3,mimalloc,native,handoff,64,8,32768,0.0012553,2.61037e+07,4722688,4943872,4976640
3,mimalloc,basic,same_thread,64,16,65536,0.0036724,1.78456e+07,5058560,5386240,5541888
3,mimalloc,basic,handoff,65536,4,16384,0.0621656,263554,4616192,154034176,154034176
3,mimalloc,basic,same_thread,4096,8,32768,0.0088501,3.70256e+06,4702208,21741568,21766144
3,mimalloc,native,handoff,64,2,8192,0.0003082,2.65801e+07,4501504,4644864,4644864
3,mimalloc,native,handoff,65536,1,4096,0.0297551,137657,4509696,53092352,53092352
3,mimalloc,native,same_thread,65536,2,8192,0.0369651,221614,4530176,78323712,78323712
3,mimalloc,native,handoff,4096,8,32768,0.0085837,3.81747e+06,4706304,21676032,21708800
